"DateTime","Players","Average Players"
"2023-08-10 00:00:00",40108,31871
"2023-08-11 00:00:00",75608,47590
"2023-08-12 00:00:00",71406,45697
"2023-08-13 00:00:00",67518,42430
"2023-08-14 00:00:00",61934,35758
"2023-08-15 00:00:00",58538,33579
"2023-08-16 00:00:00",53071,30753
"2023-08-17 00:00:00",50590,27457
"2023-08-18 00:00:00",48702,28384
"2023-08-19 00:00:00",47477,29414
"2023-08-20 00:00:00",46328,29013
"2023-08-21 00:00:00",43317,24904
"2023-08-22 00:00:00",41237,23656
"2023-08-23 00:00:00",41922,23796
"2023-08-24 00:00:00",40880,23136
"2023-08-25 00:00:00",34962,21485
"2023-08-26 00:00:00",38850,24781
"2023-08-27 00:00:00",38932,25147
"2023-08-28 00:00:00",36437,21048
"2023-08-29 00:00:00",36319,20689
"2023-08-30 00:00:00",34299,20050
"2023-08-31 00:00:00",32279,19134
"2023-09-01 00:00:00",33140,19160
"2023-09-02 00:00:00",34158,21833
"2023-09-03 00:00:00",33306,21452
"2023-09-04 00:00:00",30492,18046
"2023-09-05 00:00:00",29626,16732
"2023-09-06 00:00:00",28474,16076
"2023-09-07 00:00:00",28465,16052
"2023-09-08 00:00:00",30434,17992
"2023-09-09 00:00:00",32327,21179
"2023-09-10 00:00:00",31774,21084
"2023-09-11 00:00:00",28697,16420
"2023-09-12 00:00:00",28407,16131
"2023-09-13 00:00:00",28528,16023
"2023-09-14 00:00:00",27256,15673
"2023-09-15 00:00:00",29349,16971
"2023-09-16 00:00:00",31584,20119
"2023-09-17 00:00:00",30428,19940
"2023-09-18 00:00:00",26716,15562
"2023-09-19 00:00:00",26281,15448
"2023-09-20 00:00:00",28897,16785
"2023-09-21 00:00:00",28276,16422
"2023-09-22 00:00:00",30622,17938
"2023-09-23 00:00:00",33108,21371
"2023-09-24 00:00:00",31932,21150
"2023-09-25 00:00:00",27818,16234
"2023-09-26 00:00:00",27263,16030
"2023-09-27 00:00:00",27550,15868
"2023-09-28 00:00:00",25633,15562
"2023-09-29 00:00:00",25149,16625
"2023-09-30 00:00:00",27173,18806
"2023-10-01 00:00:00",26803,18817
"2023-10-02 00:00:00",23837,16028
"2023-10-03 00:00:00",23769,15963
"2023-10-04 00:00:00",25000,16464
"2023-10-05 00:00:00",26887,16837
"2023-10-06 00:00:00",27704,17679
"2023-10-07 00:00:00",29876,19133
"2023-10-08 00:00:00",30818,19346
"2023-10-09 00:00:00",27181,16885
"2023-10-10 00:00:00",31252,18373
"2023-10-11 00:00:00",38396,23686
"2023-10-12 00:00:00",36379,21844
"2023-10-13 00:00:00",36481,22384
"2023-10-14 00:00:00",37780,25135
"2023-10-15 00:00:00",36760,24660
"2023-10-16 00:00:00",31605,18869
"2023-10-17 00:00:00",31457,18451
"2023-10-18 00:00:00",31188,18332
"2023-10-19 00:00:00",30682,18222
"2023-10-20 00:00:00",33357,19824
"2023-10-21 00:00:00",35764,23307
"2023-10-22 00:00:00",34069,22924
"2023-10-23 00:00:00",29842,17799
"2023-10-24 00:00:00",30159,17826
"2023-10-25 00:00:00",30831,17999
"2023-10-26 00:00:00",29811,17378
"2023-10-27 00:00:00",31426,18461
"2023-10-28 00:00:00",32676,21358
"2023-10-29 00:00:00",31249,20960
"2023-10-30 00:00:00",27577,16771
"2023-10-31 00:00:00",28395,16631
"2023-11-01 00:00:00",28590,18387
"2023-11-02 00:00:00",33501,20949
"2023-11-03 00:00:00",31823,21382
"2023-11-04 00:00:00",38926,26807
"2023-11-05 00:00:00",37610,26016
"2023-11-06 00:00:00",34007,20475
"2023-11-07 00:00:00",33081,19902
"2023-11-08 00:00:00",31957,19109
"2023-11-09 00:00:00",33067,19141
"2023-11-10 00:00:00",34102,20816
"2023-11-11 00:00:00",36274,24018
"2023-11-12 00:00:00",35210,23620
"2023-11-13 00:00:00",30732,18598
"2023-11-14 00:00:00",31617,18720
"2023-11-15 00:00:00",33076,20259
"2023-11-16 00:00:00",32041,19210
"2023-11-17 00:00:00",35002,21006
"2023-11-18 00:00:00",38048,24983
"2023-11-19 00:00:00",36252,24093
"2023-11-20 00:00:00",31855,19717
"2023-11-21 00:00:00",32311,19271
"2023-11-22 00:00:00",32331,19317
"2023-11-23 00:00:00",31115,19107
"2023-11-24 00:00:00",32953,19758
"2023-11-25 00:00:00",34100,22650
"2023-11-26 00:00:00",32506,22101
"2023-11-27 00:00:00",28670,17390
"2023-11-28 00:00:00",29435,17330
"2023-11-29 00:00:00",29986,17932
"2023-11-30 00:00:00",30505,18053
"2023-12-01 00:00:00",32661,19493
"2023-12-02 00:00:00",34707,23453
"2023-12-03 00:00:00",33733,22867
"2023-12-04 00:00:00",30075,18163
"2023-12-05 00:00:00",30673,20382
"2023-12-06 00:00:00",38940,24404
"2023-12-07 00:00:00",35538,21689
"2023-12-08 00:00:00",35118,21060
"2023-12-09 00:00:00",36523,23768
"2023-12-10 00:00:00",34644,22911
"2023-12-11 00:00:00",30839,18507
"2023-12-12 00:00:00",31156,18344
"2023-12-13 00:00:00",31666,18484
"2023-12-14 00:00:00",30946,18201
"2023-12-15 00:00:00",32702,19428
"2023-12-16 00:00:00",34881,22220
"2023-12-17 00:00:00",33010,21670
"2023-12-18 00:00:00",30050,18100
"2023-12-19 00:00:00",30341,19020
"2023-12-20 00:00:00",33270,20461
"2023-12-21 00:00:00",33273,20367
"2023-12-22 00:00:00",34300,20084
"2023-12-23 00:00:00",34654,22356
"2023-12-24 00:00:00",32577,21022
"2023-12-25 00:00:00",30717,18423
"2023-12-26 00:00:00",32596,20008
"2023-12-27 00:00:00",32386,20588
"2023-12-28 00:00:00",32786,20882
"2023-12-29 00:00:00",33256,21684
"2023-12-30 00:00:00",32385,22616
"2023-12-31 00:00:00",28746,21216
"2024-01-01 00:00:00",30555,20863
"2024-01-02 00:00:00",31040,20750
"2024-01-03 00:00:00",32467,21056
"2024-01-04 00:00:00",32214,20715
"2024-01-05 00:00:00",34200,21765
"2024-01-06 00:00:00",35700,24561
"2024-01-07 00:00:00",34615,24427
"2024-01-08 00:00:00",30925,20437
"2024-01-09 00:00:00",31352,19968
"2024-01-10 00:00:00",29117,19213
"2024-01-11 00:00:00",28995,18917
"2024-01-12 00:00:00",31462,20571
"2024-01-13 00:00:00",32767,23187
"2024-01-14 00:00:00",31107,22518
"2024-01-15 00:00:00",27236,19435
"2024-01-16 00:00:00",28332,19446
"2024-01-17 00:00:00",28701,19090
"2024-01-18 00:00:00",28375,18873
"2024-01-19 00:00:00",29600,20000
"2024-01-20 00:00:00",31008,22178
"2024-01-21 00:00:00",29072,21495
"2024-01-22 00:00:00",24948,17489
"2024-01-23 00:00:00",24658,17171
"2024-01-24 00:00:00",24629,17413
"2024-01-25 00:00:00",24644,17427
"2024-01-26 00:00:00",26248,18347
"2024-01-27 00:00:00",28676,20890
"2024-01-28 00:00:00",28213,21137
"2024-01-29 00:00:00",25055,17743
"2024-01-30 00:00:00",25673,18049
"2024-01-31 00:00:00",26975,18660
"2024-02-01 00:00:00",26184,18594
"2024-02-02 00:00:00",28377,20027
"2024-02-03 00:00:00",30568,22637
"2024-02-04 00:00:00",30589,22648
"2024-02-05 00:00:00",26188,19254
"2024-02-06 00:00:00",26030,18792
"2024-02-07 00:00:00",25917,19237
"2024-02-08 00:00:00",26094,19674
"2024-02-09 00:00:00",25263,19970
"2024-02-10 00:00:00",27996,22314
"2024-02-11 00:00:00",28332,22659
"2024-02-12 00:00:00",25602,20256
"2024-02-13 00:00:00",39944,23640
"2024-02-14 00:00:00",38870,31372
"2024-02-15 00:00:00",37481,29084
"2024-02-16 00:00:00",39110,30688
"2024-02-17 00:00:00",41578,33368
"2024-02-18 00:00:00",41337,32768
"2024-02-19 00:00:00",35837,28506
"2024-02-20 00:00:00",35343,26786
"2024-02-21 00:00:00",35713,26385
"2024-02-22 00:00:00",35491,26025
"2024-02-23 00:00:00",37737,27200
"2024-02-24 00:00:00",39089,29821
"2024-02-25 00:00:00",37939,29395
"2024-02-26 00:00:00",33199,23762
"2024-02-27 00:00:00",33128,23537
"2024-02-28 00:00:00",34641,24186
"2024-02-29 00:00:00",33750,23450
"2024-03-01 00:00:00",36176,24943
"2024-03-02 00:00:00",39977,29197
"2024-03-03 00:00:00",38494,29079
"2024-03-04 00:00:00",33569,23127
"2024-03-05 00:00:00",35004,23391
"2024-03-06 00:00:00",33658,22954
"2024-03-07 00:00:00",34000,23090
"2024-03-08 00:00:00",40706,26313
"2024-03-09 00:00:00",41506,29885
"2024-03-10 00:00:00",40464,29690
"2024-03-11 00:00:00",35702,23884
"2024-03-12 00:00:00",37151,24716
"2024-03-13 00:00:00",39744,26652
"2024-03-14 00:00:00",38448,25613
"2024-03-15 00:00:00",40525,26678
"2024-03-16 00:00:00",43456,30371
"2024-03-17 00:00:00",41367,29983
"2024-03-18 00:00:00",36784,24107
"2024-03-19 00:00:00",37814,24400
"2024-03-20 00:00:00",37592,25073
"2024-03-21 00:00:00",35887,23491
"2024-03-22 00:00:00",39501,25476
"2024-03-23 00:00:00",43348,30272
"2024-03-24 00:00:00",42571,30405
"2024-03-25 00:00:00",37089,24576
"2024-03-26 00:00:00",37494,24117
"2024-03-27 00:00:00",35728,23799
"2024-03-28 00:00:00",38166,26451
"2024-03-29 00:00:00",45889,31266
"2024-03-30 00:00:00",45573,31628
"2024-03-31 00:00:00",42541,30954
"2024-04-01 00:00:00",40680,27668
"2024-04-02 00:00:00",41782,26615
"2024-04-03 00:00:00",38917,24799
"2024-04-04 00:00:00",37127,24878
"2024-04-05 00:00:00",38803,25819
"2024-04-06 00:00:00",41325,28535
"2024-04-07 00:00:00",40454,27431
"2024-04-08 00:00:00",36530,22687
"2024-04-09 00:00:00",37055,22451
"2024-04-10 00:00:00",38459,23127
"2024-04-11 00:00:00",37958,23094
"2024-04-12 00:00:00",43122,25953
"2024-04-13 00:00:00",46375,30907
"2024-04-14 00:00:00",45246,30612
"2024-04-15 00:00:00",40240,24318
"2024-04-16 00:00:00",45911,29032
"2024-04-17 00:00:00",57826,36766
"2024-04-18 00:00:00",54563,33793
"2024-04-19 00:00:00",58274,35539
"2024-04-20 00:00:00",61016,40507
"2024-04-21 00:00:00",58424,39477
"2024-04-22 00:00:00",51776,30974
"2024-04-23 00:00:00",51991,31039
"2024-04-24 00:00:00",53178,31693
"2024-04-25 00:00:00",50641,30533
"2024-04-26 00:00:00",52482,31579
"2024-04-27 00:00:00",53736,36224
"2024-04-28 00:00:00",52956,35060
"2024-04-29 00:00:00",46308,29539
"2024-04-30 00:00:00",48016,29974
"2024-05-01 00:00:00",46932,32215
"2024-05-02 00:00:00",43030,29094
"2024-05-03 00:00:00",45075,30391
"2024-05-04 00:00:00",49093,33504
"2024-05-05 00:00:00",50073,33823
"2024-05-06 00:00:00",45194,28287
"2024-05-07 00:00:00",44314,26531
"2024-05-08 00:00:00",42913,25963
"2024-05-09 00:00:00",43556,26538
"2024-05-10 00:00:00",46348,27994
"2024-05-11 00:00:00",50645,32088
"2024-05-12 00:00:00",47672,32261
"2024-05-13 00:00:00",43014,26554
"2024-05-14 00:00:00",44852,26880
"2024-05-15 00:00:00",45279,28056
"2024-05-16 00:00:00",44592,27297
"2024-05-17 00:00:00",47495,29172
"2024-05-18 00:00:00",51577,33998
"2024-05-19 00:00:00",48524,33857
"2024-05-20 00:00:00",45191,27645
"2024-05-21 00:00:00",44312,26955
"2024-05-22 00:00:00",43147,26451
"2024-05-23 00:00:00",40184,24910
"2024-05-24 00:00:00",43922,26616
"2024-05-25 00:00:00",45925,30674
"2024-05-26 00:00:00",44094,30196
"2024-05-27 00:00:00",41583,26082
"2024-05-28 00:00:00",41270,25123
"2024-05-29 00:00:00",41564,24941
"2024-05-30 00:00:00",42061,25455
"2024-05-31 00:00:00",44343,26671
"2024-06-01 00:00:00",45792,30016
"2024-06-02 00:00:00",44479,30060
"2024-06-03 00:00:00",39794,24686
"2024-06-04 00:00:00",41253,24978
"2024-06-05 00:00:00",40647,24666
"2024-06-06 00:00:00",41688,25142
"2024-06-07 00:00:00",42929,26453
"2024-06-08 00:00:00",43716,29640
"2024-06-09 00:00:00",43714,30134
"2024-06-10 00:00:00",40610,26561
"2024-06-11 00:00:00",40913,25054
"2024-06-12 00:00:00",40332,24827
"2024-06-13 00:00:00",39616,24738
"2024-06-14 00:00:00",42786,26334
"2024-06-15 00:00:00",44545,29392
"2024-06-16 00:00:00",42510,29009
"2024-06-17 00:00:00",39631,25709
"2024-06-18 00:00:00",45651,27215
"2024-06-19 00:00:00",41194,26759
"2024-06-20 00:00:00",40535,28781
"2024-06-21 00:00:00",50551,32892
"2024-06-22 00:00:00",49892,34304
"2024-06-23 00:00:00",47916,33451
"2024-06-24 00:00:00",43274,28184
"2024-06-25 00:00:00",44147,29129
"2024-06-26 00:00:00",45040,29844
"2024-06-27 00:00:00",43447,28425
"2024-06-28 00:00:00",42236,27892
"2024-06-29 00:00:00",42838,29822
"2024-06-30 00:00:00",41125,29640
"2024-07-01 00:00:00",38915,25962
"2024-07-02 00:00:00",38891,26015
"2024-07-03 00:00:00",37982,25498
"2024-07-04 00:00:00",35247,24470
"2024-07-05 00:00:00",38523,24690
"2024-07-06 00:00:00",39430,27563
"2024-07-07 00:00:00",38919,28054
"2024-07-08 00:00:00",35869,25004
"2024-07-09 00:00:00",38118,26410
"2024-07-10 00:00:00",41587,28139
"2024-07-11 00:00:00",40463,27275
"2024-07-12 00:00:00",42064,28281
"2024-07-13 00:00:00",44111,31022
"2024-07-14 00:00:00",44311,31653
"2024-07-15 00:00:00",41087,28662
"2024-07-16 00:00:00",42082,28523
"2024-07-17 00:00:00",41130,27541
"2024-07-18 00:00:00",39297,27112
"2024-07-19 00:00:00",44139,31530
"2024-07-20 00:00:00",52008,37653
"2024-07-21 00:00:00",48426,35737
"2024-07-22 00:00:00",45266,30891
"2024-07-23 00:00:00",44444,30118
"2024-07-24 00:00:00",42179,30095
"2024-07-25 00:00:00",43971,30035
"2024-07-26 00:00:00",47032,30918
"2024-07-27 00:00:00",47747,33413
"2024-07-28 00:00:00",47679,34110
"2024-07-29 00:00:00",45751,30851
"2024-07-30 00:00:00",47445,31559
"2024-07-31 00:00:00",46246,31459
"2024-08-01 00:00:00",45047,30421
"2024-08-02 00:00:00",46796,30975
"2024-08-03 00:00:00",47418,33656
"2024-08-04 00:00:00",47746,34615
"2024-08-05 00:00:00",45283,31001
"2024-08-06 00:00:00",45548,30974
"2024-08-07 00:00:00",43557,30399
"2024-08-08 00:00:00",44489,30595
"2024-08-09 00:00:00",46130,31569
"2024-08-10 00:00:00",45963,33698
"2024-08-11 00:00:00",46165,34449
"2024-08-12 00:00:00",43678,30747
"2024-08-13 00:00:00",44248,30474
"2024-08-14 00:00:00",43993,31153
"2024-08-15 00:00:00",46655,31805
"2024-08-16 00:00:00",47524,32219
"2024-08-17 00:00:00",49955,35318
"2024-08-18 00:00:00",48559,35721
"2024-08-19 00:00:00",46082,31308
"2024-08-20 00:00:00",56953,33820
"2024-08-21 00:00:00",59158,43615
"2024-08-22 00:00:00",54716,39137
"2024-08-23 00:00:00",55972,38821
"2024-08-24 00:00:00",57882,40837
"2024-08-25 00:00:00",55711,43095
"2024-08-26 00:00:00",51636,36358
"2024-08-27 00:00:00",50875,35704
"2024-08-28 00:00:00",52641,35758
"2024-08-29 00:00:00",51485,35001
"2024-08-30 00:00:00",54250,36489
"2024-08-31 00:00:00",55827,40484
"2024-09-01 00:00:00",53445,40203
"2024-09-02 00:00:00",50935,36049
"2024-09-03 00:00:00",49584,32883
"2024-09-04 00:00:00",50180,33187
"2024-09-05 00:00:00",50560,32764
"2024-09-06 00:00:00",54248,34791
"2024-09-07 00:00:00",56624,40278
"2024-09-08 00:00:00",55312,40271
"2024-09-09 00:00:00",49266,31811
"2024-09-10 00:00:00",48678,31456
"2024-09-11 00:00:00",51049,32748
"2024-09-12 00:00:00",49902,31980
"2024-09-13 00:00:00",53126,33817
"2024-09-14 00:00:00",56797,38968
"2024-09-15 00:00:00",56557,40637
"2024-09-16 00:00:00",49731,35708
"2024-09-17 00:00:00",49140,34182
"2024-09-18 00:00:00",52890,33996
"2024-09-19 00:00:00",51685,32794
"2024-09-20 00:00:00",55520,35096
"2024-09-21 00:00:00",60042,41210
"2024-09-22 00:00:00",59333,41580
"2024-09-23 00:00:00",50353,32835
"2024-09-24 00:00:00",49828,32042
"2024-09-25 00:00:00",52754,33378
"2024-09-26 00:00:00",50803,32853
"2024-09-27 00:00:00",52437,34312
"2024-09-28 00:00:00",54073,38954
"2024-09-29 00:00:00",52083,37789
"2024-09-30 00:00:00",44402,31409
"2024-10-01 00:00:00",42422,31419
"2024-10-02 00:00:00",42494,31058
"2024-10-03 00:00:00",41867,30769
"2024-10-04 00:00:00",44981,33491
"2024-10-05 00:00:00",55350,41754
"2024-10-06 00:00:00",55360,42902
"2024-10-07 00:00:00",46968,33511
"2024-10-08 00:00:00",42646,29113
"2024-10-09 00:00:00",43026,29830
"2024-10-10 00:00:00",41993,29281
"2024-10-11 00:00:00",46924,31830
"2024-10-12 00:00:00",51358,36371
"2024-10-13 00:00:00",49437,37176
"2024-10-14 00:00:00",42538,31317
"2024-10-15 00:00:00",47257,32168
"2024-10-16 00:00:00",53180,37953
"2024-10-17 00:00:00",50726,36933
"2024-10-18 00:00:00",55776,39238
"2024-10-19 00:00:00",58250,44032
"2024-10-20 00:00:00",55338,42998
"2024-10-21 00:00:00",47104,33755
"2024-10-22 00:00:00",47867,33457
"2024-10-23 00:00:00",47357,33178
"2024-10-24 00:00:00",46006,32283
"2024-10-25 00:00:00",49680,33705
"2024-10-26 00:00:00",52332,37994
"2024-10-27 00:00:00",48103,37654
"2024-10-28 00:00:00",43238,30362
"2024-10-29 00:00:00",42549,29544
"2024-10-30 00:00:00",43156,29717
"2024-10-31 00:00:00",42636,28691
"2024-11-01 00:00:00",44419,29512
"2024-11-02 00:00:00",43857,34500
"2024-11-03 00:00:00",45975,34548
"2024-11-04 00:00:00",39485,28565
"2024-11-05 00:00:00",39004,27570
"2024-11-06 00:00:00",38287,27068
"2024-11-07 00:00:00",37863,26754
"2024-11-08 00:00:00",41517,28731
"2024-11-09 00:00:00",45052,33872
"2024-11-10 00:00:00",43285,33500
"2024-11-11 00:00:00",37987,28002
"2024-11-12 00:00:00",51555,31859
"2024-11-13 00:00:00",56607,38320
"2024-11-14 00:00:00",47753,32921
"2024-11-15 00:00:00",50524,34681
"2024-11-16 00:00:00",52520,38337
"2024-11-17 00:00:00",50958,38541
"2024-11-18 00:00:00",42742,30333
"2024-11-19 00:00:00",41889,29720
"2024-11-20 00:00:00",42917,30484
"2024-11-21 00:00:00",40930,29034
"2024-11-22 00:00:00",49196,33089
"2024-11-23 00:00:00",51215,39609
"2024-11-24 00:00:00",48668,37981
"2024-11-25 00:00:00",42200,30337
"2024-11-26 00:00:00",41171,29652
"2024-11-27 00:00:00",41689,29931
"2024-11-28 00:00:00",40031,28958
"2024-11-29 00:00:00",43091,31289
"2024-11-30 00:00:00",51255,39171
"2024-12-01 00:00:00",48682,39129
"2024-12-02 00:00:00",43141,31633
"2024-12-03 00:00:00",43019,30091
"2024-12-04 00:00:00",38137,27447
"2024-12-05 00:00:00",38349,27598
"2024-12-06 00:00:00",37133,24444
"2024-12-07 00:00:00",39852,27981
"2024-12-08 00:00:00",37552,27330
"2024-12-09 00:00:00",33462,22071
"2024-12-10 00:00:00",33348,23026
"2024-12-11 00:00:00",40006,26098
"2024-12-12 00:00:00",37353,23797
"2024-12-13 00:00:00",38409,24019
"2024-12-14 00:00:00",40425,27147
"2024-12-15 00:00:00",38740,26271
"2024-12-16 00:00:00",34222,21583
"2024-12-17 00:00:00",34173,22541
"2024-12-18 00:00:00",39194,25016
"2024-12-19 00:00:00",36804,23547
"2024-12-20 00:00:00",39090,24885
"2024-12-21 00:00:00",40243,26571
"2024-12-22 00:00:00",38398,25893
"2024-12-23 00:00:00",36227,22845
"2024-12-24 00:00:00",36320,22230
"2024-12-25 00:00:00",33960,21005
"2024-12-26 00:00:00",34483,22079
"2024-12-27 00:00:00",35620,22973
"2024-12-28 00:00:00",36178,24558
"2024-12-29 00:00:00",34731,24491
"2024-12-30 00:00:00",33423,22551
"2024-12-31 00:00:00",31080,21844
"2025-01-01 00:00:00",32698,22262
"2025-01-02 00:00:00",32850,21720
"2025-01-03 00:00:00",35519,22851
"2025-01-04 00:00:00",36635,24576
"2025-01-05 00:00:00",35178,24455
"2025-01-06 00:00:00",32442,20750
"2025-01-07 00:00:00",31491,20025
"2025-01-08 00:00:00",24776,17737
"2025-01-09 00:00:00",23441,17305
"2025-01-10 00:00:00",25711,18130
"2025-01-11 00:00:00",27800,20438
"2025-01-12 00:00:00",27449,20517
"2025-01-13 00:00:00",23530,17185
"2025-01-14 00:00:00",23419,16478
"2025-01-15 00:00:00",29627,17968
"2025-01-16 00:00:00",29237,17970
"2025-01-17 00:00:00",31508,19099
"2025-01-18 00:00:00",33506,21705
"2025-01-19 00:00:00",32587,21546
"2025-01-20 00:00:00",29344,18504
"2025-01-21 00:00:00",29159,18162
"2025-01-22 00:00:00",31527,19570
"2025-01-23 00:00:00",29589,18681
"2025-01-24 00:00:00",30863,19331
"2025-01-25 00:00:00",31714,21149
"2025-01-26 00:00:00",30945,21024
"2025-01-27 00:00:00",26687,17949
"2025-01-28 00:00:00",23880,16737
"2025-01-29 00:00:00",24807,16683
"2025-01-30 00:00:00",24483,16550
"2025-01-31 00:00:00",26653,17544
"2025-02-01 00:00:00",28540,19581
"2025-02-02 00:00:00",27988,19558
"2025-02-03 00:00:00",25609,16933
"2025-02-04 00:00:00",26300,17250
"2025-02-05 00:00:00",30141,18719
"2025-02-06 00:00:00",28462,17621
"2025-02-07 00:00:00",28496,17856
"2025-02-08 00:00:00",30728,19949
"2025-02-09 00:00:00",30256,20476
"2025-02-10 00:00:00",27765,17009
"2025-02-11 00:00:00",26896,17546
"2025-02-12 00:00:00",29627,19414
"2025-02-13 00:00:00",32747,21784
"2025-02-14 00:00:00",34080,22322
"2025-02-15 00:00:00",37395,25842
"2025-02-16 00:00:00",37046,26567
"2025-02-17 00:00:00",33449,23037
"2025-02-18 00:00:00",59332,28067
"2025-02-19 00:00:00",47262,38748
"2025-02-20 00:00:00",39195,32441
"2025-02-21 00:00:00",39809,31460
"2025-02-22 00:00:00",42995,34230
"2025-02-23 00:00:00",42198,34292
"2025-02-24 00:00:00",33169,27798
"2025-02-25 00:00:00",34610,26602
"2025-02-26 00:00:00",34597,27218
"2025-02-27 00:00:00",33074,26112
"2025-02-28 00:00:00",30665,25217
"2025-03-01 00:00:00",33911,27906
"2025-03-02 00:00:00",32904,27699
"2025-03-03 00:00:00",28641,23100
"2025-03-04 00:00:00",34919,22985
"2025-03-05 00:00:00",29374,24136
"2025-03-06 00:00:00",26910,22184
"2025-03-07 00:00:00",28850,23035
"2025-03-08 00:00:00",32104,26282
"2025-03-09 00:00:00",31411,26418
"2025-03-10 00:00:00",26182,21107
"2025-03-11 00:00:00",30118,21748
"2025-03-12 00:00:00",27698,22263
"2025-03-13 00:00:00",27039,21206
"2025-03-14 00:00:00",29641,22469
"2025-03-15 00:00:00",32790,25617
"2025-03-16 00:00:00",31137,25923
"2025-03-17 00:00:00",25337,20644
"2025-03-18 00:00:00",38671,23308
"2025-03-19 00:00:00",34122,27146
"2025-03-20 00:00:00",30486,24981
"2025-03-21 00:00:00",34214,26360
"2025-03-22 00:00:00",40235,31263
"2025-03-23 00:00:00",37494,31045
"2025-03-24 00:00:00",30874,24898
"2025-03-25 00:00:00",32306,24466
"2025-03-26 00:00:00",31606,24549
"2025-03-27 00:00:00",29716,23567
"2025-03-28 00:00:00",32899,24551
"2025-03-29 00:00:00",36494,28683
"2025-03-30 00:00:00",34668,28225
"2025-03-31 00:00:00",28890,22499
"2025-04-01 00:00:00",34371,23134
"2025-04-02 00:00:00",31714,24329
"2025-04-03 00:00:00",29116,21729
"2025-04-04 00:00:00",29101,21796
"2025-04-05 00:00:00",32037,24807
"2025-04-06 00:00:00",30600,24650
"2025-04-07 00:00:00",25716,19083
"2025-04-08 00:00:00",25534,19167
"2025-04-09 00:00:00",26429,19112
"2025-04-10 00:00:00",25969,18923
"2025-04-11 00:00:00",29187,20344
"2025-04-12 00:00:00",31797,23506
"2025-04-13 00:00:00",29728,23491
"2025-04-14 00:00:00",25433,18923
"2025-04-15 00:00:00",26251,19520
"2025-04-16 00:00:00",26742,19724
"2025-04-17 00:00:00",31742,21849
"2025-04-18 00:00:00",38395,27800
"2025-04-19 00:00:00",38488,29356
"2025-04-20 00:00:00",36093,28923
"2025-04-21 00:00:00",36559,26406
"2025-04-22 00:00:00",60127,30432
"2025-04-23 00:00:00",50480,39245
"2025-04-24 00:00:00",45294,34362
"2025-04-25 00:00:00",47014,34284
"2025-04-26 00:00:00",48757,38053
"2025-04-27 00:00:00",46159,37148
"2025-04-28 00:00:00",38080,29208
"2025-04-29 00:00:00",36205,29105
"2025-04-30 00:00:00",36887,28375
"2025-05-01 00:00:00",39372,30380
"2025-05-02 00:00:00",38909,29171
"2025-05-03 00:00:00",39910,30866
"2025-05-04 00:00:00",40170,31303
"2025-05-05 00:00:00",35375,27127
"2025-05-06 00:00:00",31902,25380
"2025-05-07 00:00:00",31056,23301
"2025-05-08 00:00:00",32067,23426
"2025-05-09 00:00:00",36728,25250
"2025-05-10 00:00:00",39916,29783
"2025-05-11 00:00:00",36613,28923
"2025-05-12 00:00:00",30670,23107
"2025-05-13 00:00:00",30597,22963
"2025-05-14 00:00:00",31542,23361
"2025-05-15 00:00:00",30877,22686
"2025-05-16 00:00:00",34980,24063
"2025-05-17 00:00:00",38027,28061
"2025-05-18 00:00:00",35060,27904
"2025-05-19 00:00:00",29538,22345
"2025-05-20 00:00:00",34258,23063
"2025-05-21 00:00:00",34038,26003
"2025-05-22 00:00:00",33291,24761
"2025-05-23 00:00:00",25413,26877
"2025-05-23 01:00:00",26456,26914
"2025-05-23 02:00:00",26664,26987
"2025-05-23 03:00:00",26529,27129
"2025-05-23 04:00:00",25032,27296
"2025-05-23 05:00:00",22483,27502
"2025-05-23 06:00:00",19799,27759
"2025-05-23 07:00:00",17625,28070
"2025-05-23 08:00:00",16411,28396
"2025-05-23 09:00:00",16265,28703
"2025-05-23 10:00:00",18004,28972
"2025-05-23 11:00:00",22139,29164
"2025-05-23 12:00:00",28216,29342
"2025-05-23 13:00:00",34124,29497
"2025-05-23 14:00:00",37023,29625
"2025-05-23 15:00:00",36977,29745
"2025-05-23 16:00:00",35917,29868
"2025-05-23 17:00:00",33550,29995
"2025-05-23 18:00:00",31417,30119
"2025-05-23 19:00:00",30589,30232
"2025-05-23 20:00:00",30411,30345
"2025-05-23 21:00:00",29698,30431
"2025-05-23 22:00:00",28048,30522
"2025-05-23 23:00:00",26261,30595
"2025-05-24 00:00:00",26329,30639
"2025-05-24 01:00:00",28235,30635
"2025-05-24 02:00:00",30106,30618
"2025-05-24 03:00:00",30611,30619
"2025-05-24 04:00:00",30148,30619
"2025-05-24 05:00:00",28942,30637
"2025-05-24 06:00:00",27642,30687
"2025-05-24 07:00:00",25885,30744
"2025-05-24 08:00:00",24252,30813
"2025-05-24 09:00:00",23154,30890
"2025-05-24 10:00:00",22908,30952
"2025-05-24 11:00:00",26530,31003
"2025-05-24 12:00:00",31878,31045
"2025-05-24 13:00:00",37038,31067
"2025-05-24 14:00:00",39762,31021
"2025-05-24 15:00:00",39812,30892
"2025-05-24 16:00:00",38918,30744
"2025-05-24 17:00:00",36565,30524
"2025-05-24 18:00:00",34211,30323
"2025-05-24 19:00:00",33369,30250
"2025-05-24 20:00:00",32574,30215
"2025-05-24 21:00:00",32023,30193
"2025-05-24 22:00:00",30010,30141
"2025-05-24 23:00:00",27461,30081
"2025-05-25 00:00:00",26285,30032
"2025-05-25 01:00:00",27807,30006
"2025-05-25 02:00:00",30109,29937
"2025-05-25 03:00:00",30518,29782
"2025-05-25 04:00:00",30448,29607
"2025-05-25 05:00:00",29971,29395
"2025-05-25 06:00:00",28790,29114
"2025-05-25 07:00:00",27345,28766
"2025-05-25 08:00:00",25922,28401
"2025-05-25 09:00:00",24544,28040
"2025-05-25 10:00:00",24049,27733
"2025-05-25 11:00:00",27436,27505
"2025-05-25 12:00:00",32334,27289
"2025-05-25 13:00:00",35774,27123
"2025-05-25 14:00:00",36387,26967
"2025-05-25 15:00:00",35916,26805
"2025-05-25 16:00:00",33168,26623
"2025-05-25 17:00:00",31278,26460
"2025-05-25 18:00:00",32182,26352
"2025-05-25 19:00:00",32329,26247
"2025-05-25 20:00:00",31850,26163
"2025-05-25 21:00:00",30556,26092
"2025-05-25 22:00:00",28351,26005
"2025-05-25 23:00:00",26183,25926
"2025-05-26 00:00:00",25635,25893
"2025-05-26 01:00:00",26004,25893
"2025-05-26 02:00:00",26070,25894
"2025-05-26 03:00:00",25958,25892
"2025-05-26 04:00:00",24822,25867
"2025-05-26 05:00:00",22566,25796
"2025-05-26 06:00:00",19562,25703
"2025-05-26 07:00:00",17641,25613
"2025-05-26 08:00:00",16314,25513
"2025-05-26 09:00:00",16336,25429
"2025-05-26 10:00:00",17891,25364
"2025-05-26 11:00:00",21630,25316
"2025-05-26 12:00:00",27931,25288
"2025-05-26 13:00:00",31861,25233
"2025-05-26 14:00:00",32330,25181
"2025-05-26 15:00:00",31538,25122
"2025-05-26 16:00:00",29238,25059
"2025-05-26 17:00:00",28476,24965
"2025-05-26 18:00:00",29367,24851
"2025-05-26 19:00:00",30022,24741
"2025-05-26 20:00:00",29944,24657
"2025-05-26 21:00:00",28263,24570
"2025-05-26 22:00:00",26239,24499
"2025-05-26 23:00:00",25207,24439
"2025-05-27 00:00:00",25665,24392
"2025-05-27 01:00:00",26343,24356
"2025-05-27 02:00:00",26379,24331
"2025-05-27 03:00:00",25773,24302
"2025-05-27 04:00:00",23661,24281
"2025-05-27 05:00:00",21040,24280
"2025-05-27 06:00:00",18184,24268
"2025-05-27 07:00:00",16024,24261
"2025-05-27 08:00:00",14956,24272
"2025-05-27 09:00:00",15264,24283
"2025-05-27 10:00:00",17271,24289
"2025-05-27 11:00:00",21378,24282
"2025-05-27 12:00:00",26877,24255
"2025-05-27 13:00:00",30935,24244
"2025-05-27 14:00:00",31261,24238
"2025-05-27 15:00:00",30286,24224
"2025-05-27 16:00:00",27029,24212
"2025-05-27 17:00:00",25697,24210
"2025-05-27 18:00:00",26655,24205
"2025-05-27 19:00:00",27937,24190
"2025-05-27 20:00:00",27835,24141
"2025-05-27 21:00:00",26590,24105
"2025-05-27 22:00:00",24683,24101
"2025-05-27 23:00:00",23856,24103
"2025-05-28 00:00:00",24565,24093
"2025-05-28 01:00:00",25568,24080
"2025-05-28 02:00:00",25542,24047
"2025-05-28 03:00:00",25336,24016
"2025-05-28 04:00:00",23822,23986
"2025-05-28 05:00:00",20869,23949
"2025-05-28 06:00:00",18215,23929
"2025-05-28 07:00:00",16524,23919
"2025-05-28 08:00:00",15380,23896
"2025-05-28 09:00:00",15497,23901
"2025-05-28 10:00:00",17098,23909
"2025-05-28 11:00:00",20768,23909
"2025-05-28 12:00:00",26685,23948
"2025-05-28 13:00:00",30909,23980
"2025-05-28 14:00:00",31069,24001
"2025-05-28 15:00:00",30317,24034
"2025-05-28 16:00:00",27436,24068
"2025-05-28 17:00:00",26036,24101
"2025-05-28 18:00:00",26597,24106
"2025-05-28 19:00:00",26919,24074
"2025-05-28 20:00:00",27109,24053
"2025-05-28 21:00:00",26753,24028
"2025-05-28 22:00:00",25003,23998
"2025-05-28 23:00:00",23786,23969
"2025-05-29 00:00:00",24328,23935
"2025-05-29 01:00:00",24777,23892
"2025-05-29 02:00:00",24735,23865
"2025-05-29 03:00:00",24441,23850
"2025-05-29 04:00:00",22780,23832
"2025-05-29 05:00:00",20287,23828
"2025-05-29 06:00:00",17797,23832
"2025-05-29 07:00:00",15764,23844
"2025-05-29 08:00:00",15456,23875
"2025-05-29 09:00:00",15758,23887
"2025-05-29 10:00:00",17210,23895
"2025-05-29 11:00:00",21942,23920
"2025-05-29 12:00:00",27641,23897
"2025-05-29 13:00:00",31563,23854
"2025-05-29 14:00:00",32025,23842
"2025-05-29 15:00:00",31226,23880
"2025-05-29 16:00:00",28305,23941
"2025-05-29 17:00:00",26205,24037
"2025-05-29 18:00:00",25873,24129
"2025-05-29 19:00:00",26476,24169
"2025-05-29 20:00:00",26334,24167
"2025-05-29 21:00:00",25791,24167
"2025-05-29 22:00:00",24127,24177
"2025-05-29 23:00:00",22846,24208
"2025-05-30 00:00:00",23211,24226
"2025-05-30 01:00:00",24161,24246
"2025-05-30 02:00:00",24508,24297
"2025-05-30 03:00:00",24149,24379
"2025-05-30 04:00:00",22815,24481
"2025-05-30 05:00:00",20503,24616
"2025-05-30 06:00:00",18356,24810
"2025-05-30 07:00:00",16679,25037
"2025-05-30 08:00:00",15761,25248
"2025-05-30 09:00:00",15979,25446
"2025-05-30 10:00:00",17645,25594
"2025-05-30 11:00:00",20982,25663
"2025-05-30 12:00:00",26153,25717
"2025-05-30 13:00:00",30930,25771
"2025-05-30 14:00:00",32918,25830
"2025-05-30 15:00:00",32861,25907
"2025-05-30 16:00:00",31188,25998
"2025-05-30 17:00:00",29260,26118
"2025-05-30 18:00:00",27231,26215
"2025-05-30 19:00:00",26625,26310
"2025-05-30 20:00:00",26633,26377
"2025-05-30 21:00:00",26372,26430
"2025-05-30 22:00:00",25383,26494
"2025-05-30 23:00:00",23748,26557
"2025-05-31 00:00:00",24020,26615
"2025-05-31 01:00:00",25845,26648
"2025-05-31 02:00:00",27202,26683
"2025-05-31 03:00:00",27353,26730
"2025-05-31 04:00:00",27028,26791
"2025-05-31 05:00:00",26488,26882
"2025-05-31 06:00:00",25256,26979
"2025-05-31 07:00:00",23324,27073
"2025-05-31 08:00:00",22024,27179
"2025-05-31 09:00:00",20612,27270
"2025-05-31 10:00:00",20242,27350
"2025-05-31 11:00:00",23271,27418
"2025-05-31 12:00:00",28191,27488
"2025-05-31 13:00:00",32650,27533
"2025-05-31 14:00:00",34931,27539
"2025-05-31 15:00:00",34951,27508
"2025-05-31 16:00:00",34103,27477
"2025-05-31 17:00:00",32040,27396
"2025-05-31 18:00:00",30342,27342
"2025-05-31 19:00:00",28817,27348
"2025-05-31 20:00:00",28282,27412
"2025-05-31 21:00:00",28140,27492
"2025-05-31 22:00:00",27236,27525
"2025-05-31 23:00:00",25455,27521
"2025-06-01 00:00:00",24648,27505
"2025-06-01 01:00:00",26158,27504
"2025-06-01 02:00:00",27687,27462
"2025-06-01 03:00:00",27969,27375
"2025-06-01 04:00:00",27917,27266
"2025-06-01 05:00:00",27236,27104
"2025-06-01 06:00:00",25990,26897
"2025-06-01 07:00:00",24577,26668
"2025-06-01 08:00:00",23348,26437
"2025-06-01 09:00:00",22358,26228
"2025-06-01 10:00:00",21685,26056
"2025-06-01 11:00:00",24870,25943
"2025-06-01 12:00:00",29087,25823
"2025-06-01 13:00:00",32150,25703
"2025-06-01 14:00:00",33126,25590
"2025-06-01 15:00:00",32816,25464
"2025-06-01 16:00:00",30327,25312
"2025-06-01 17:00:00",29027,25165
"2025-06-01 18:00:00",29680,25055
"2025-06-01 19:00:00",30326,24953
"2025-06-01 20:00:00",30270,24843
"2025-06-01 21:00:00",28521,24708
"2025-06-01 22:00:00",26388,24576
"2025-06-01 23:00:00",24650,24406
"2025-06-02 00:00:00",24507,24328
"2025-06-02 01:00:00",24500,24270
"2025-06-02 02:00:00",24481,24219
"2025-06-02 03:00:00",23834,24152
"2025-06-02 04:00:00",22002,24064
"2025-06-02 05:00:00",19775,23970
"2025-06-02 06:00:00",17509,23874
"2025-06-02 07:00:00",15956,23775
"2025-06-02 08:00:00",15284,23676
"2025-06-02 09:00:00",15637,23585
"2025-06-02 10:00:00",16919,23527
"2025-06-02 11:00:00",20162,23469
"2025-06-02 12:00:00",24999,23429
"2025-06-02 13:00:00",28870,23394
"2025-06-02 14:00:00",29533,23332
"2025-06-02 15:00:00",29060,23258
"2025-06-02 16:00:00",26407,23170
"2025-06-02 17:00:00",25306,23084
"2025-06-02 18:00:00",25192,22983
"2025-06-02 19:00:00",25342,22864
"2025-06-02 20:00:00",25095,22795
"2025-06-02 21:00:00",24038,22728
"2025-06-02 22:00:00",20518,22652
"2025-06-02 23:00:00",21698,22669
"2025-06-03 00:00:00",23039,22659
"2025-06-03 01:00:00",23997,22643
"2025-06-03 02:00:00",23899,22618
"2025-06-03 03:00:00",23386,22597
"2025-06-03 04:00:00",22157,22586
"2025-06-03 05:00:00",20395,22569
"2025-06-03 06:00:00",18086,22548
"2025-06-03 07:00:00",16340,22522
"2025-06-03 08:00:00",15297,22489
"2025-06-03 09:00:00",15834,22456
"2025-06-03 10:00:00",17136,22417
"2025-06-03 11:00:00",20719,22385
"2025-06-03 12:00:00",25348,22360
"2025-06-03 13:00:00",28423,22326
"2025-06-03 14:00:00",28699,22296
"2025-06-03 15:00:00",27870,22262
"2025-06-03 16:00:00",25141,22231
"2025-06-03 17:00:00",23951,22201
"2025-06-03 18:00:00",23428,22160
"2025-06-03 19:00:00",25558,22190
"2025-06-03 20:00:00",25015,22163
"2025-06-03 21:00:00",24446,22153
"2025-06-03 22:00:00",22768,22154
"2025-06-03 23:00:00",22145,22122
"2025-06-04 00:00:00",22717,22084
"2025-06-04 01:00:00",23390,22052
"2025-06-04 02:00:00",23333,22032
"2025-06-04 03:00:00",22898,22013
"2025-06-04 04:00:00",21131,21985
"2025-06-04 05:00:00",19255,21954
"2025-06-04 06:00:00",16867,21919
"2025-06-04 07:00:00",15040,21883
"2025-06-04 08:00:00",13912,21839
"2025-06-04 09:00:00",14186,21802
"2025-06-04 10:00:00",15575,21773
"2025-06-04 11:00:00",19483,21750
"2025-06-04 12:00:00",24272,21718
"2025-06-04 13:00:00",27755,21698
"2025-06-04 14:00:00",28073,21686
"2025-06-04 15:00:00",27428,21694
"2025-06-04 16:00:00",24748,21705
"2025-06-04 17:00:00",23445,21716
"2025-06-04 18:00:00",24443,21749
"2025-06-04 19:00:00",24496,21714
"2025-06-04 20:00:00",24338,21687
"2025-06-04 21:00:00",23021,21647
"2025-06-04 22:00:00",21179,21613
"2025-06-04 23:00:00",20807,21607
"2025-06-05 00:00:00",21802,21592
"2025-06-05 01:00:00",22919,21566
"2025-06-05 02:00:00",22867,21540
"2025-06-05 03:00:00",22397,21516
"2025-06-05 04:00:00",20594,21499
"2025-06-05 05:00:00",18627,21499
"2025-06-05 06:00:00",16249,21510
"2025-06-05 07:00:00",14181,21532
"2025-06-05 08:00:00",13492,21564
"2025-06-05 09:00:00",14031,21591
"2025-06-05 10:00:00",15472,21610
"2025-06-05 11:00:00",18896,21609
"2025-06-05 12:00:00",23866,21609
"2025-06-05 13:00:00",27698,21618
"2025-06-05 14:00:00",28675,21651
"2025-06-05 15:00:00",28133,21708
"2025-06-05 16:00:00",25537,21775
"2025-06-05 17:00:00",24043,21872
"2025-06-05 18:00:00",23733,21928
"2025-06-05 19:00:00",23839,21997
"2025-06-05 20:00:00",23711,22070
"2025-06-05 21:00:00",22735,22147
"2025-06-05 22:00:00",21910,22238
"2025-06-05 23:00:00",20816,22277
"2025-06-06 00:00:00",21076,22312
"2025-06-06 01:00:00",22154,22354
"2025-06-06 02:00:00",22248,22412
"2025-06-06 03:00:00",22064,22509
"2025-06-06 04:00:00",21068,22625
"2025-06-06 05:00:00",19538,22755
"2025-06-06 06:00:00",17829,22915
"2025-06-06 07:00:00",15858,23080
"2025-06-06 08:00:00",14794,23246
"2025-06-06 09:00:00",14919,23394
"2025-06-06 10:00:00",15887,23505
"2025-06-06 11:00:00",19247,23594
"2025-06-06 12:00:00",24313,23675
"2025-06-06 13:00:00",28668,23763
"2025-06-06 14:00:00",30560,23870
"2025-06-06 15:00:00",30417,23987
"2025-06-06 16:00:00",29300,24134
"2025-06-06 17:00:00",27104,24270
"2025-06-06 18:00:00",27318,24407
"2025-06-06 19:00:00",27585,24543
"2025-06-06 20:00:00",27398,24677
"2025-06-06 21:00:00",26215,24789
"2025-06-06 22:00:00",23688,24863
"2025-06-06 23:00:00",23072,24969
"2025-06-07 00:00:00",23663,25042
"2025-06-07 01:00:00",25369,25089
"2025-06-07 02:00:00",26967,25165
"2025-06-07 03:00:00",26947,25242
"2025-06-07 04:00:00",26241,25336
"2025-06-07 05:00:00",25520,25461
"2025-06-07 06:00:00",23943,25600
"2025-06-07 07:00:00",22363,25764
"2025-06-07 08:00:00",20862,25930
"2025-06-07 09:00:00",19819,26070
"2025-06-07 10:00:00",19808,26182
"2025-06-07 11:00:00",22771,26279
"2025-06-07 12:00:00",27695,26377
"2025-06-07 13:00:00",32064,26463
"2025-06-07 14:00:00",34074,26534
"2025-06-07 15:00:00",33974,26569
"2025-06-07 16:00:00",32999,26593
"2025-06-07 17:00:00",30359,26579
"2025-06-07 18:00:00",30413,26575
"2025-06-07 19:00:00",30570,26612
"2025-06-07 20:00:00",29586,26643
"2025-06-07 21:00:00",28249,26689
"2025-06-07 22:00:00",26723,26752
"2025-06-07 23:00:00",24300,26775
"2025-06-08 00:00:00",23012,26778
"2025-06-08 01:00:00",24612,26786
"2025-06-08 02:00:00",26071,26755
"2025-06-08 03:00:00",26521,26703
"2025-06-08 04:00:00",26520,26640
"2025-06-08 05:00:00",26253,26557
"2025-06-08 06:00:00",25491,26451
"2025-06-08 07:00:00",24402,26330
"2025-06-08 08:00:00",22810,26197
"2025-06-08 09:00:00",21396,26074
"2025-06-08 10:00:00",21002,25982
"2025-06-08 11:00:00",24200,25935
"2025-06-08 12:00:00",28509,25889
"2025-06-08 13:00:00",31973,25836
"2025-06-08 14:00:00",32207,25734
"2025-06-08 15:00:00",31361,25618
"2025-06-08 16:00:00",28911,25469
"2025-06-08 17:00:00",26948,25325
"2025-06-08 18:00:00",29069,25240
"2025-06-08 19:00:00",29773,25115
"2025-06-08 20:00:00",29696,25004
"2025-06-08 21:00:00",28097,24888
"2025-06-08 22:00:00",26533,24784
"2025-06-08 23:00:00",25151,24709
"2025-06-09 00:00:00",24266,24657
"2025-06-09 01:00:00",24035,24598
"2025-06-09 02:00:00",23863,24518
"2025-06-09 03:00:00",23040,24414
"2025-06-09 04:00:00",21443,24276
"2025-06-09 05:00:00",19024,24091
"2025-06-09 06:00:00",16899,23874
"2025-06-09 07:00:00",15223,23646
"2025-06-09 08:00:00",14540,23436
"2025-06-09 09:00:00",15112,23271
"2025-06-09 10:00:00",16714,23149
"2025-06-09 11:00:00",20675,23041
"2025-06-09 12:00:00",25624,22938
"2025-06-09 13:00:00",28628,22816
"2025-06-09 14:00:00",28996,22706
"2025-06-09 15:00:00",28169,22598
"2025-06-09 16:00:00",25168,22478
"2025-06-09 17:00:00",23824,22375
"2025-06-09 18:00:00",23174,22207
"2025-06-09 19:00:00",23503,22052
"2025-06-09 20:00:00",23422,21919
"2025-06-09 21:00:00",22439,21799
"2025-06-09 22:00:00",21138,21686
"2025-06-09 23:00:00",20461,21583
"2025-06-10 00:00:00",21430,21518
"2025-06-10 01:00:00",22149,21473
"2025-06-10 02:00:00",22237,21434
"2025-06-10 03:00:00",21674,21404
"2025-06-10 04:00:00",20214,21381
"2025-06-10 05:00:00",17890,21357
"2025-06-10 06:00:00",15927,21343
"2025-06-10 07:00:00",14131,21322
"2025-06-10 08:00:00",13361,21302
"2025-06-10 09:00:00",13726,21277
"2025-06-10 10:00:00",15117,21242
"2025-06-10 11:00:00",18534,21192
"2025-06-10 12:00:00",23072,21132
"2025-06-10 13:00:00",26511,21080
"2025-06-10 14:00:00",27005,21029
"2025-06-10 15:00:00",26243,20981
"2025-06-10 16:00:00",23412,20942
"2025-06-10 17:00:00",22152,20908
"2025-06-10 18:00:00",22810,20906
"2025-06-10 19:00:00",24391,20934
"2025-06-10 20:00:00",24343,20947
"2025-06-10 21:00:00",23372,20960
"2025-06-10 22:00:00",21692,20962
"2025-06-10 23:00:00",20636,20959
"2025-06-11 00:00:00",21408,20956
"2025-06-11 01:00:00",22107,20950
"2025-06-11 02:00:00",22399,20950
"2025-06-11 03:00:00",22029,20952
"2025-06-11 04:00:00",20430,20946
"2025-06-11 05:00:00",18414,20953
"2025-06-11 06:00:00",16275,20957
"2025-06-11 07:00:00",14658,20966
"2025-06-11 08:00:00",13855,20974
"2025-06-11 09:00:00",13989,20974
"2025-06-11 10:00:00",15332,20978
"2025-06-11 11:00:00",18785,20980
"2025-06-11 12:00:00",23111,20974
"2025-06-11 13:00:00",26490,20970
"2025-06-11 14:00:00",27077,20965
"2025-06-11 15:00:00",26560,20964
"2025-06-11 16:00:00",23997,20971
"2025-06-11 17:00:00",22593,20974
"2025-06-11 18:00:00",23213,20978
"2025-06-11 19:00:00",23740,20954
"2025-06-11 20:00:00",23653,20925
"2025-06-11 21:00:00",22659,20895
"2025-06-11 22:00:00",21205,20880
"2025-06-11 23:00:00",20472,20872
"2025-06-12 00:00:00",21114,20860
"2025-06-12 01:00:00",21874,20847
"2025-06-12 02:00:00",21926,20829
"2025-06-12 03:00:00",21291,20806
"2025-06-12 04:00:00",19990,20797
"2025-06-12 05:00:00",18064,20797
"2025-06-12 06:00:00",15985,20799
"2025-06-12 07:00:00",14313,20796
"2025-06-12 08:00:00",13392,20790
"2025-06-12 09:00:00",13859,20796
"2025-06-12 10:00:00",15039,20793
"2025-06-12 11:00:00",18276,20784
"2025-06-12 12:00:00",22861,20777
"2025-06-12 13:00:00",25991,20770
"2025-06-12 14:00:00",26452,20770
"2025-06-12 15:00:00",25955,20793
"2025-06-12 16:00:00",23371,20819
"2025-06-12 17:00:00",22085,20868
"2025-06-12 18:00:00",22761,20908
"2025-06-12 19:00:00",22977,20907
"2025-06-12 20:00:00",22862,20895
"2025-06-12 21:00:00",22480,20902
"2025-06-12 22:00:00",20966,20910
"2025-06-12 23:00:00",20104,20921
"2025-06-13 00:00:00",20631,20924
"2025-06-13 01:00:00",21505,20926
"2025-06-13 02:00:00",21652,20934
"2025-06-13 03:00:00",21516,20972
"2025-06-13 04:00:00",20597,21023
"2025-06-13 05:00:00",18738,21087
"2025-06-13 06:00:00",16426,21161
"2025-06-13 07:00:00",14809,21248
"2025-06-13 08:00:00",14030,21341
"2025-06-13 09:00:00",14198,21415
"2025-06-13 10:00:00",15384,21476
"2025-06-13 11:00:00",18270,21506
"2025-06-13 12:00:00",23378,21550
"2025-06-13 13:00:00",27253,21605
"2025-06-13 14:00:00",29372,21711
"2025-06-13 15:00:00",29210,21829
"2025-06-13 16:00:00",28123,21992
"2025-06-13 17:00:00",26047,22131
"2025-06-13 18:00:00",24327,22199
"2025-06-13 19:00:00",23890,22249
"2025-06-13 20:00:00",23873,22301
"2025-06-13 21:00:00",23683,22359
"2025-06-13 22:00:00",22676,22430
"2025-06-13 23:00:00",21522,22486
"2025-06-14 00:00:00",21718,22529
"2025-06-14 01:00:00",22859,22567
"2025-06-14 02:00:00",24209,22644
"2025-06-14 03:00:00",24292,22732
"2025-06-14 04:00:00",24211,22846
"2025-06-14 05:00:00",23734,22999
"2025-06-14 06:00:00",22309,23181
"2025-06-14 07:00:00",20872,23377
"2025-06-14 08:00:00",19386,23553
"2025-06-14 09:00:00",18559,23699
"2025-06-14 10:00:00",18060,23797
"2025-06-14 11:00:00",20917,23888
"2025-06-14 12:00:00",25104,23953
"2025-06-14 13:00:00",29276,24024
"2025-06-14 14:00:00",31474,24086
"2025-06-14 15:00:00",31419,24130
"2025-06-14 16:00:00",30193,24165
"2025-06-14 17:00:00",28145,24186
"2025-06-14 18:00:00",26511,24220
"2025-06-14 19:00:00",26038,24278
"2025-06-14 20:00:00",26060,24347
"2025-06-14 21:00:00",25673,24410
"2025-06-14 22:00:00",24154,24451
"2025-06-14 23:00:00",22740,24481
"2025-06-15 00:00:00",21780,24474
"2025-06-15 01:00:00",23201,24486
"2025-06-15 02:00:00",24893,24500
"2025-06-15 03:00:00",25021,24499
"2025-06-15 04:00:00",24677,24484
"2025-06-15 05:00:00",24295,24461
"2025-06-15 06:00:00",23611,24445
"2025-06-15 07:00:00",22296,24419
"2025-06-15 08:00:00",20759,24389
"2025-06-15 09:00:00",20187,24376
"2025-06-15 10:00:00",19154,24350
"2025-06-15 11:00:00",22254,24356
"2025-06-15 12:00:00",26068,24354
"2025-06-15 13:00:00",29179,24324
"2025-06-15 14:00:00",29461,24230
"2025-06-15 14:40:00",29401,
"2025-06-15 14:50:00",29322,
"2025-06-15 15:00:00",28885,24120
"2025-06-15 15:10:00",28280,
"2025-06-15 15:20:00",27690,
"2025-06-15 15:30:00",27286,
"2025-06-15 15:40:00",27068,
"2025-06-15 15:50:00",26592,
"2025-06-15 16:00:00",26214,23965
"2025-06-15 16:10:00",25753,
"2025-06-15 16:20:00",25524,
"2025-06-15 16:30:00",25417,
"2025-06-15 16:40:00",25182,
"2025-06-15 16:50:00",25128,
"2025-06-15 17:00:00",25067,23843
"2025-06-15 17:10:00",24997,
"2025-06-15 17:20:00",24842,
"2025-06-15 17:30:00",24733,
"2025-06-15 17:40:00",24649,
"2025-06-15 17:50:00",24698,
"2025-06-15 18:00:00",24816,23796
"2025-06-15 18:10:00",24918,
"2025-06-15 18:20:00",25145,
"2025-06-15 18:30:00",25330,
"2025-06-15 18:40:00",25554,
"2025-06-15 18:50:00",25760,
"2025-06-15 19:00:00",25654,23780
"2025-06-15 19:10:00",25702,
"2025-06-15 19:20:00",25803,
"2025-06-15 19:30:00",25851,
"2025-06-15 19:40:00",26039,
"2025-06-15 19:50:00",26176,
"2025-06-15 20:00:00",26160,23765
"2025-06-15 20:10:00",26065,
"2025-06-15 20:20:00",26023,
"2025-06-15 20:30:00",25902,
"2025-06-15 20:40:00",25736,
"2025-06-15 20:50:00",25615,
"2025-06-15 21:00:00",25224,23732
"2025-06-15 21:10:00",24929,
"2025-06-15 21:20:00",24445,
"2025-06-15 21:30:00",24263,
"2025-06-15 21:40:00",23997,
"2025-06-15 21:50:00",23668,
"2025-06-15 22:00:00",23413,23693
"2025-06-15 22:10:00",22967,
"2025-06-15 22:20:00",22648,
"2025-06-15 22:30:00",22376,
"2025-06-15 22:40:00",22217,
"2025-06-15 22:50:00",22126,
"2025-06-15 23:00:00",21880,23654
"2025-06-15 23:10:00",21799,
"2025-06-15 23:20:00",21663,
"2025-06-15 23:30:00",21598,
"2025-06-15 23:40:00",21478,
"2025-06-15 23:50:00",21418,
"2025-06-16 00:00:00",21380,23650
"2025-06-16 00:10:00",21254,
"2025-06-16 00:20:00",21535,
"2025-06-16 00:30:00",21594,
"2025-06-16 00:40:00",21697,
"2025-06-16 00:50:00",21803,
"2025-06-16 01:00:00",21846,23631
"2025-06-16 01:10:00",21841,
"2025-06-16 01:20:00",22028,
"2025-06-16 01:30:00",22236,
"2025-06-16 01:40:00",22392,
"2025-06-16 01:50:00",22483,
"2025-06-16 02:00:00",22498,23560
"2025-06-16 02:10:00",22428,
"2025-06-16 02:20:00",22522,
"2025-06-16 02:30:00",22541,
"2025-06-16 02:40:00",22526,
"2025-06-16 02:50:00",22346,
"2025-06-16 03:00:00",22073,23468
"2025-06-16 03:10:00",21781,
"2025-06-16 03:20:00",21597,
"2025-06-16 03:30:00",21359,
"2025-06-16 03:40:00",21065,
"2025-06-16 03:50:00",20816,
"2025-06-16 04:00:00",20526,23334
"2025-06-16 04:10:00",20232,
"2025-06-16 04:20:00",19792,
"2025-06-16 04:30:00",19417,
"2025-06-16 04:40:00",19215,
"2025-06-16 04:50:00",18907,
"2025-06-16 05:00:00",18545,23146
"2025-06-16 05:10:00",18179,
"2025-06-16 05:20:00",17729,
"2025-06-16 05:30:00",17366,
"2025-06-16 05:40:00",17030,
"2025-06-16 05:50:00",16605,
"2025-06-16 06:00:00",16322,22906
"2025-06-16 06:10:00",15964,
"2025-06-16 06:20:00",15702,
"2025-06-16 06:30:00",15485,
"2025-06-16 06:40:00",15228,
"2025-06-16 06:50:00",14939,
"2025-06-16 07:00:00",14748,22657
"2025-06-16 07:10:00",14544,
"2025-06-16 07:20:00",14490,
"2025-06-16 07:30:00",14342,
"2025-06-16 07:40:00",14120,
"2025-06-16 07:50:00",14038,
"2025-06-16 08:00:00",13902,22428
"2025-06-16 08:10:00",13532,
"2025-06-16 08:20:00",13608,
"2025-06-16 08:30:00",13547,
"2025-06-16 08:40:00",13578,
"2025-06-16 08:50:00",13590,
"2025-06-16 09:00:00",13568,22211
"2025-06-16 09:10:00",13497,
"2025-06-16 09:20:00",13532,
"2025-06-16 09:30:00",13556,
"2025-06-16 09:40:00",13544,
"2025-06-16 09:50:00",13705,
"2025-06-16 10:00:00",13799,22077
"2025-06-16 10:10:00",14018,
"2025-06-16 10:20:00",14280,
"2025-06-16 10:30:00",14411,
"2025-06-16 10:40:00",14778,
"2025-06-16 10:50:00",15154,
"2025-06-16 11:00:00",15644,21947
"2025-06-16 11:10:00",16147,
"2025-06-16 11:20:00",16677,
"2025-06-16 11:30:00",17246,
"2025-06-16 11:40:00",17923,
"2025-06-16 11:50:00",18482,
"2025-06-16 12:00:00",19116,21836
"2025-06-16 12:10:00",19906,
"2025-06-16 12:20:00",20763,
"2025-06-16 12:30:00",21528,
"2025-06-16 12:40:00",22289,
"2025-06-16 12:50:00",22911,
"2025-06-16 13:00:00",23439,21711
"2025-06-16 13:10:00",24111,
"2025-06-16 13:20:00",24673,
"2025-06-16 13:30:00",25108,
"2025-06-16 13:40:00",25482,
"2025-06-16 13:50:00",25699,
"2025-06-16 14:00:00",25839,21592
"2025-06-16 14:10:00",25959,
"2025-06-16 14:20:00",26032,
"2025-06-16 14:30:00",26017,
"2025-06-16 14:40:00",25946,
"2025-06-16 14:50:00",25788,
"2025-06-16 15:00:00",25552,21478
"2025-06-16 15:10:00",24955,
"2025-06-16 15:20:00",24583,
"2025-06-16 15:30:00",24266,
"2025-06-16 15:40:00",24119,
"2025-06-16 15:50:00",23893,
"2025-06-16 16:00:00",23428,21382
"2025-06-16 16:10:00",22976,
"2025-06-16 16:20:00",22677,
"2025-06-16 16:30:00",22458,
"2025-06-16 16:40:00",22300,
"2025-06-16 16:50:00",22258,
"2025-06-16 17:00:00",22152,21277
"2025-06-16 17:10:00",21819,
"2025-06-16 17:20:00",21773,
"2025-06-16 17:30:00",21862,
"2025-06-16 17:40:00",21932,
"2025-06-16 17:50:00",22020,
"2025-06-16 18:00:00",22090,21189
"2025-06-16 18:10:00",22319,
"2025-06-16 18:20:00",22435,
"2025-06-16 18:30:00",22615,
"2025-06-16 18:40:00",22980,
"2025-06-16 18:50:00",23175,
"2025-06-16 19:00:00",23199,21111
"2025-06-16 19:10:00",23537,
"2025-06-16 19:20:00",23632,
"2025-06-16 19:30:00",23659,
"2025-06-16 19:40:00",23751,
"2025-06-16 19:50:00",23764,
"2025-06-16 20:00:00",23639,21035
"2025-06-16 20:10:00",23471,
"2025-06-16 20:20:00",23454,
"2025-06-16 20:30:00",23412,
"2025-06-16 20:40:00",23327,
"2025-06-16 20:50:00",23231,
"2025-06-16 21:00:00",23091,20971
"2025-06-16 21:10:00",22640,
"2025-06-16 21:20:00",22482,
"2025-06-16 21:30:00",22374,
"2025-06-16 21:40:00",22183,
"2025-06-16 21:50:00",21901,
"2025-06-16 22:00:00",21683,20920
"2025-06-16 22:10:00",21248,
"2025-06-16 22:20:00",21025,
"2025-06-16 22:30:00",21013,
"2025-06-16 22:40:00",20915,
"2025-06-16 22:50:00",20893,
"2025-06-16 23:00:00",20702,20891
"2025-06-16 23:10:00",20602,
"2025-06-16 23:20:00",20520,
"2025-06-16 23:30:00",20469,
"2025-06-16 23:40:00",20522,
"2025-06-16 23:50:00",20803,
"2025-06-17 00:00:00",20890,20901
"2025-06-17 00:10:00",21127,
"2025-06-17 00:20:00",21290,
"2025-06-17 00:30:00",21531,
"2025-06-17 00:40:00",21654,
"2025-06-17 00:50:00",21872,
"2025-06-17 01:00:00",22042,20908
"2025-06-17 01:10:00",22076,
"2025-06-17 01:20:00",22209,
"2025-06-17 01:30:00",22392,
"2025-06-17 01:40:00",22416,
"2025-06-17 01:50:00",22570,
"2025-06-17 02:00:00",22620,20914
"2025-06-17 02:10:00",22451,
"2025-06-17 02:20:00",22350,
"2025-06-17 02:30:00",22195,
"2025-06-17 02:40:00",22101,
"2025-06-17 02:50:00",21975,
"2025-06-17 03:00:00",21772,20907
"2025-06-17 03:10:00",21528,
"2025-06-17 03:20:00",21350,
"2025-06-17 03:30:00",21223,
"2025-06-17 03:40:00",20860,
"2025-06-17 03:50:00",20541,
"2025-06-17 04:00:00",20298,20905
"2025-06-17 04:10:00",20026,
"2025-06-17 04:20:00",19816,
"2025-06-17 04:30:00",19426,
"2025-06-17 04:40:00",19002,
"2025-06-17 04:50:00",18673,
"2025-06-17 05:00:00",18159,20895
"2025-06-17 05:10:00",17739,
"2025-06-17 05:20:00",17432,
"2025-06-17 05:30:00",17056,
"2025-06-17 05:40:00",16769,
"2025-06-17 05:50:00",16438,
"2025-06-17 06:00:00",15979,20888
"2025-06-17 06:10:00",15620,
"2025-06-17 06:20:00",15312,
"2025-06-17 06:30:00",14985,
"2025-06-17 06:40:00",14593,
"2025-06-17 06:50:00",14403,
"2025-06-17 07:00:00",14081,20869
"2025-06-17 07:10:00",13898,
"2025-06-17 07:20:00",13765,
"2025-06-17 07:30:00",13632,
"2025-06-17 07:40:00",13475,
"2025-06-17 07:50:00",13450,
"2025-06-17 08:00:00",13322,20854
"2025-06-17 08:10:00",13106,
"2025-06-17 08:20:00",12992,
"2025-06-17 08:30:00",12840,
"2025-06-17 08:40:00",12936,
"2025-06-17 08:50:00",13014,
"2025-06-17 09:00:00",12975,20848
"2025-06-17 09:10:00",12993,
"2025-06-17 09:20:00",13064,
"2025-06-17 09:30:00",13123,
"2025-06-17 09:40:00",13227,
"2025-06-17 09:50:00",13385,
"2025-06-17 10:00:00",13397,20825
"2025-06-17 10:10:00",13412,
"2025-06-17 10:20:00",13591,
"2025-06-17 10:30:00",13802,
"2025-06-17 10:40:00",14098,
"2025-06-17 10:50:00",14350,
"2025-06-17 11:00:00",14707,20795
"2025-06-17 11:10:00",15149,
"2025-06-17 11:20:00",15591,
"2025-06-17 11:30:00",16113,
"2025-06-17 11:40:00",16895,
"2025-06-17 11:50:00",17474,
"2025-06-17 12:00:00",18014,20758
"2025-06-17 12:10:00",18736,
"2025-06-17 12:20:00",19411,
"2025-06-17 12:30:00",20216,
"2025-06-17 12:40:00",21042,
"2025-06-17 12:50:00",21736,
"2025-06-17 13:00:00",22403,20736
"2025-06-17 13:10:00",22908,
"2025-06-17 13:20:00",23624,
"2025-06-17 13:30:00",24263,
"2025-06-17 13:40:00",24652,
"2025-06-17 13:50:00",24938,
"2025-06-17 14:00:00",25047,20722
"2025-06-17 14:10:00",25298,
"2025-06-17 14:20:00",25354,
"2025-06-17 14:30:00",25515,
"2025-06-17 14:40:00",25524,
"2025-06-17 14:50:00",25302,
"2025-06-17 15:00:00",25098,20710
"2025-06-17 15:10:00",24367,
"2025-06-17 15:20:00",23780,
"2025-06-17 15:30:00",23154,
"2025-06-17 15:40:00",22882,
"2025-06-17 15:50:00",22637,
"2025-06-17 16:00:00",22328,20676
"2025-06-17 16:10:00",21893,
"2025-06-17 16:20:00",21798,
"2025-06-17 16:30:00",21857,
"2025-06-17 16:40:00",21738,
"2025-06-17 16:50:00",21718,
"2025-06-17 17:00:00",21703,20678
"2025-06-17 17:10:00",21659,
"2025-06-17 17:20:00",21660,
"2025-06-17 17:30:00",21894,
"2025-06-17 17:40:00",21936,
"2025-06-17 17:50:00",21972,
"2025-06-17 18:00:00",22085,20692
"2025-06-17 18:10:00",22401,
"2025-06-17 18:20:00",22615,
"2025-06-17 18:30:00",22866,
"2025-06-17 18:40:00",23047,
"2025-06-17 18:50:00",23411,
"2025-06-17 19:00:00",23623,20728
"2025-06-17 19:10:00",24064,
"2025-06-17 19:20:00",24494,
"2025-06-17 19:30:00",24581,
"2025-06-17 19:40:00",24775,
"2025-06-17 19:50:00",24719,
"2025-06-17 20:00:00",24691,20760
"2025-06-17 20:10:00",24614,
"2025-06-17 20:20:00",24601,
"2025-06-17 20:30:00",24588,
"2025-06-17 20:40:00",24315,
"2025-06-17 20:50:00",24217,
"2025-06-17 21:00:00",24000,20787
"2025-06-17 21:10:00",23643,
"2025-06-17 21:20:00",23379,
"2025-06-17 21:30:00",23096,
"2025-06-17 21:40:00",22905,
"2025-06-17 21:50:00",22791,
"2025-06-17 22:00:00",22538,20815
"2025-06-17 22:10:00",20691,
"2025-06-17 22:20:00",21587,
"2025-06-17 22:30:00",21648,
"2025-06-17 22:40:00",21630,
"2025-06-17 22:50:00",21567,
"2025-06-17 23:00:00",21508,20849
"2025-06-17 23:10:00",21552,
"2025-06-17 23:20:00",21549,
"2025-06-17 23:30:00",21629,
"2025-06-17 23:40:00",21721,
"2025-06-17 23:50:00",21760,
"2025-06-18 00:00:00",21834,20867
"2025-06-18 00:10:00",21931,
"2025-06-18 00:20:00",22062,
"2025-06-18 00:30:00",22151,
"2025-06-18 00:40:00",22271,
"2025-06-18 00:50:00",22417,
"2025-06-18 01:00:00",22645,20880
"2025-06-18 01:10:00",22672,
"2025-06-18 01:20:00",22909,
"2025-06-18 01:30:00",23004,
"2025-06-18 01:40:00",23014,
"2025-06-18 01:50:00",22826,
"2025-06-18 02:00:00",22933,20895
"2025-06-18 02:10:00",22970,
"2025-06-18 02:20:00",22967,
"2025-06-18 02:30:00",22964,
"2025-06-18 02:40:00",23000,
"2025-06-18 02:50:00",22866,
"2025-06-18 03:00:00",22595,20929
"2025-06-18 03:10:00",22117,
"2025-06-18 03:20:00",21859,
"2025-06-18 03:30:00",21520,
"2025-06-18 03:40:00",21278,
"2025-06-18 03:50:00",21038,
"2025-06-18 04:00:00",20701,20950
"2025-06-18 04:10:00",20308,
"2025-06-18 04:20:00",20023,
"2025-06-18 04:30:00",19741,
"2025-06-18 04:40:00",19422,
"2025-06-18 04:50:00",19115,
"2025-06-18 05:00:00",18805,20983
"2025-06-18 05:10:00",18404,
"2025-06-18 05:20:00",18001,
"2025-06-18 05:30:00",17507,
"2025-06-18 05:40:00",17239,
"2025-06-18 05:50:00",16963,
"2025-06-18 06:00:00",16585,21012
"2025-06-18 06:10:00",16179,
"2025-06-18 06:20:00",15798,
"2025-06-18 06:30:00",15554,
"2025-06-18 06:40:00",15191,
"2025-06-18 06:50:00",14878,
"2025-06-18 07:00:00",14715,21039
"2025-06-18 07:10:00",14537,
"2025-06-18 07:20:00",14385,
"2025-06-18 07:30:00",14287,
"2025-06-18 07:40:00",14258,
"2025-06-18 07:50:00",14177,
"2025-06-18 08:00:00",14093,21070
"2025-06-18 08:10:00",14076,
"2025-06-18 08:20:00",13997,
"2025-06-18 08:30:00",14039,
"2025-06-18 08:40:00",13984,
"2025-06-18 08:50:00",13855,
"2025-06-18 09:00:00",13833,21093
"2025-06-18 09:10:00",13791,
"2025-06-18 09:20:00",13825,
"2025-06-18 09:30:00",13861,
"2025-06-18 09:40:00",13891,
"2025-06-18 09:50:00",13999,
"2025-06-18 10:00:00",14204,21120
"2025-06-18 10:10:00",14320,
"2025-06-18 10:20:00",14445,
"2025-06-18 10:30:00",14605,
"2025-06-18 10:40:00",14864,
"2025-06-18 10:50:00",15095,
"2025-06-18 11:00:00",15440,21142
"2025-06-18 11:10:00",15827,
"2025-06-18 11:20:00",16380,
"2025-06-18 11:30:00",16923,
"2025-06-18 11:40:00",17508,
"2025-06-18 11:50:00",18093,
"2025-06-18 12:00:00",18579,21169
"2025-06-18 12:10:00",19421,
"2025-06-18 12:20:00",20077,
"2025-06-18 12:30:00",20834,
"2025-06-18 12:40:00",21673,
"2025-06-18 12:50:00",22484,
"2025-06-18 13:00:00",23085,21195
"2025-06-18 13:10:00",23597,
"2025-06-18 13:20:00",24078,
"2025-06-18 13:30:00",24654,
"2025-06-18 13:40:00",25189,
"2025-06-18 13:50:00",25614,
"2025-06-18 14:00:00",25923,21223
"2025-06-18 14:10:00",26064,
"2025-06-18 14:20:00",26194,
"2025-06-18 14:30:00",26051,
"2025-06-18 14:40:00",25974,
"2025-06-18 14:50:00",26005,
"2025-06-18 15:00:00",25834,21256
"2025-06-18 15:10:00",25330,
"2025-06-18 15:20:00",24986,
"2025-06-18 15:30:00",24614,
"2025-06-18 15:40:00",24374,
"2025-06-18 15:50:00",23988,
"2025-06-18 16:00:00",23759,21315
"2025-06-18 16:10:00",23550,
"2025-06-18 16:20:00",23318,
"2025-06-18 16:30:00",23345,
"2025-06-18 16:40:00",23209,
"2025-06-18 16:50:00",23174,
"2025-06-18 17:00:00",22971,21358
"2025-06-18 17:10:00",22828,
"2025-06-18 17:20:00",22761,
"2025-06-18 17:30:00",22789,
"2025-06-18 17:40:00",22838,
"2025-06-18 17:50:00",22884,
"2025-06-18 18:00:00",22899,21375
"2025-06-18 18:10:00",23024,
"2025-06-18 18:20:00",23165,
"2025-06-18 18:30:00",23304,
"2025-06-18 18:40:00",23506,
"2025-06-18 18:50:00",23575,
"2025-06-18 19:00:00",23603,21384
"2025-06-18 19:10:00",23730,
"2025-06-18 19:20:00",23706,
"2025-06-18 19:30:00",23947,
"2025-06-18 19:40:00",23959,
"2025-06-18 19:50:00",24102,
"2025-06-18 20:00:00",24121,21400
"2025-06-18 20:10:00",24004,
"2025-06-18 20:20:00",24117,
"2025-06-18 20:30:00",24111,
"2025-06-18 20:40:00",24108,
"2025-06-18 20:50:00",23927,
"2025-06-18 21:00:00",23775,21427
"2025-06-18 21:10:00",23467,
"2025-06-18 21:20:00",23384,
"2025-06-18 21:30:00",23218,
"2025-06-18 21:40:00",22925,
"2025-06-18 21:50:00",22928,
"2025-06-18 22:00:00",22683,21462
"2025-06-18 22:10:00",22476,
"2025-06-18 22:20:00",22196,
"2025-06-18 22:30:00",22038,
"2025-06-18 22:40:00",21778,
"2025-06-18 22:50:00",21689,
"2025-06-18 23:00:00",21642,21482
"2025-06-18 23:10:00",21411,
"2025-06-18 23:20:00",21426,
"2025-06-18 23:30:00",21531,
"2025-06-18 23:40:00",21545,
"2025-06-18 23:50:00",21572,
"2025-06-19 00:00:00",21534,21485
"2025-06-19 00:10:00",21615,
"2025-06-19 00:20:00",21649,
"2025-06-19 00:30:00",21712,
"2025-06-19 00:40:00",21899,
"2025-06-19 00:50:00",22035,
"2025-06-19 01:00:00",22237,21514
"2025-06-19 01:10:00",22438,
"2025-06-19 01:20:00",22624,
"2025-06-19 01:30:00",22974,
"2025-06-19 01:40:00",23168,
"2025-06-19 01:50:00",23429,
"2025-06-19 02:00:00",23586,21553
"2025-06-19 02:10:00",23670,
"2025-06-19 02:20:00",23778,
"2025-06-19 02:30:00",23803,
"2025-06-19 02:40:00",23822,
"2025-06-19 02:50:00",23853,
"2025-06-19 03:00:00",23729,21602
"2025-06-19 03:10:00",23660,
"2025-06-19 03:20:00",23429,
"2025-06-19 03:30:00",23425,
"2025-06-19 03:40:00",23180,
"2025-06-19 03:50:00",22837,
"2025-06-19 04:00:00",22487,21674
"2025-06-19 04:10:00",22093,
"2025-06-19 04:20:00",21647,
"2025-06-19 04:30:00",21220,
"2025-06-19 04:40:00",20841,
"2025-06-19 04:50:00",20535,
"2025-06-19 05:00:00",20161,21732
"2025-06-19 05:10:00",19663,
"2025-06-19 05:20:00",19128,
"2025-06-19 05:30:00",18724,
"2025-06-19 05:40:00",18290,
"2025-06-19 05:50:00",17860,
"2025-06-19 06:00:00",17504,21775
"2025-06-19 06:10:00",17091,
"2025-06-19 06:20:00",16631,
"2025-06-19 06:30:00",16290,
"2025-06-19 06:40:00",15893,
"2025-06-19 06:50:00",15665,
"2025-06-19 07:00:00",15396,21809
"2025-06-19 07:10:00",15065,
"2025-06-19 07:20:00",14832,
"2025-06-19 07:30:00",14618,
"2025-06-19 07:40:00",14483,
"2025-06-19 07:50:00",14315,
"2025-06-19 08:00:00",14302,21825
"2025-06-19 08:10:00",14098,
"2025-06-19 08:20:00",13889,
"2025-06-19 08:30:00",13879,
"2025-06-19 08:40:00",13864,
"2025-06-19 08:50:00",13867,
"2025-06-19 09:00:00",13810,21836
"2025-06-19 09:10:00",13795,
"2025-06-19 09:20:00",13926,
"2025-06-19 09:30:00",14000,
"2025-06-19 09:40:00",14018,
"2025-06-19 09:50:00",14115,
"2025-06-19 10:00:00",14187,21846
"2025-06-19 10:10:00",14224,
"2025-06-19 10:20:00",14484,
"2025-06-19 10:30:00",14611,
"2025-06-19 10:40:00",14922,
"2025-06-19 10:50:00",15229,
"2025-06-19 11:00:00",15606,21857
"2025-06-19 11:10:00",16150,
"2025-06-19 11:20:00",16594,
"2025-06-19 11:30:00",17071,
"2025-06-19 11:40:00",17631,
"2025-06-19 11:50:00",18229,
"2025-06-19 12:00:00",18896,21876
"2025-06-19 12:10:00",19816,
"2025-06-19 12:20:00",20469,
"2025-06-19 12:30:00",21142,
"2025-06-19 12:40:00",22072,
"2025-06-19 12:50:00",22793,
"2025-06-19 13:00:00",23468,21920
"2025-06-19 13:10:00",24071,
"2025-06-19 13:20:00",24838,
"2025-06-19 13:30:00",25480,
"2025-06-19 13:40:00",26034,
"2025-06-19 13:50:00",26560,
"2025-06-19 14:00:00",26952,21983
"2025-06-19 14:10:00",27217,
"2025-06-19 14:20:00",27374,
"2025-06-19 14:30:00",27435,
"2025-06-19 14:40:00",27308,
"2025-06-19 14:50:00",27306,
"2025-06-19 15:00:00",27199,22054
"2025-06-19 15:10:00",26699,
"2025-06-19 15:20:00",26257,
"2025-06-19 15:30:00",25952,
"2025-06-19 15:40:00",25706,
"2025-06-19 15:50:00",25471,
"2025-06-19 16:00:00",25158,22127
"2025-06-19 16:10:00",24823,
"2025-06-19 16:20:00",24465,
"2025-06-19 16:30:00",24411,
"2025-06-19 16:40:00",24299,
"2025-06-19 16:50:00",24353,
"2025-06-19 17:00:00",24439,22231
"2025-06-19 17:10:00",24374,
"2025-06-19 17:20:00",24429,
"2025-06-19 17:30:00",24460,
"2025-06-19 17:40:00",24768,
"2025-06-19 17:50:00",25112,
"2025-06-19 18:00:00",25791,22496
"2025-06-19 18:10:00",27383,
"2025-06-19 18:20:00",28357,
"2025-06-19 18:30:00",29033,
"2025-06-19 18:40:00",29642,
"2025-06-19 18:50:00",30231,
"2025-06-19 19:00:00",30465,22759
"2025-06-19 19:10:00",30802,
"2025-06-19 19:20:00",31005,
"2025-06-19 19:30:00",31055,
"2025-06-19 19:40:00",31341,
"2025-06-19 19:50:00",31374,
"2025-06-19 20:00:00",31354,23018
"2025-06-19 20:10:00",31281,
"2025-06-19 20:20:00",31129,
"2025-06-19 20:30:00",30826,
"2025-06-19 20:40:00",30602,
"2025-06-19 20:50:00",30366,
"2025-06-19 21:00:00",30176,23247
"2025-06-19 21:10:00",29919,
"2025-06-19 21:20:00",29539,
"2025-06-19 21:30:00",29132,
"2025-06-19 21:40:00",28778,
"2025-06-19 21:50:00",28505,
"2025-06-19 22:00:00",27890,23435
"2025-06-19 22:10:00",27368,
"2025-06-19 22:20:00",26946,
"2025-06-19 22:30:00",26623,
"2025-06-19 22:40:00",26383,
"2025-06-19 22:50:00",26023,
"2025-06-19 23:00:00",25698,23584
"2025-06-19 23:10:00",25399,
"2025-06-19 23:20:00",25343,
"2025-06-19 23:30:00",25312,
"2025-06-19 23:40:00",25383,
"2025-06-19 23:50:00",25456,
"2025-06-20 00:00:00",25368,23711
"2025-06-20 00:10:00",25329,
"2025-06-20 00:20:00",25376,
"2025-06-20 00:30:00",25431,
"2025-06-20 00:40:00",25448,
"2025-06-20 00:50:00",25424,
"2025-06-20 01:00:00",25437,23795
"2025-06-20 01:10:00",25399,
"2025-06-20 01:20:00",25616,
"2025-06-20 01:30:00",25572,
"2025-06-20 01:40:00",25674,
"2025-06-20 01:50:00",25712,
"2025-06-20 02:00:00",25763,23876
"2025-06-20 02:10:00",25798,
"2025-06-20 02:20:00",25869,
"2025-06-20 02:30:00",25951,
"2025-06-20 02:40:00",25888,
"2025-06-20 02:50:00",25869,
"2025-06-20 03:00:00",25696,23956
"2025-06-20 03:10:00",25571,
"2025-06-20 03:20:00",25452,
"2025-06-20 03:30:00",25349,
"2025-06-20 03:40:00",25161,
"2025-06-20 03:50:00",25053,
"2025-06-20 04:00:00",24856,24053
"2025-06-20 04:10:00",24473,
"2025-06-20 04:20:00",24230,
"2025-06-20 04:30:00",23887,
"2025-06-20 04:40:00",23610,
"2025-06-20 04:50:00",23212,
"2025-06-20 05:00:00",22816,24163
"2025-06-20 05:10:00",22411,
"2025-06-20 05:20:00",21897,
"2025-06-20 05:30:00",21392,
"2025-06-20 05:40:00",21080,
"2025-06-20 05:50:00",20607,
"2025-06-20 06:00:00",20327,24284
"2025-06-20 06:10:00",19829,
"2025-06-20 06:20:00",19367,
"2025-06-20 06:30:00",19016,
"2025-06-20 06:40:00",18674,
"2025-06-20 06:50:00",18356,
"2025-06-20 07:00:00",18007,24397
"2025-06-20 07:10:00",17536,
"2025-06-20 07:20:00",17392,
"2025-06-20 07:30:00",17172,
"2025-06-20 07:40:00",16966,
"2025-06-20 07:50:00",16825,
"2025-06-20 08:00:00",16639,24502
"2025-06-20 08:10:00",16449,
"2025-06-20 08:20:00",16300,
"2025-06-20 08:30:00",16103,
"2025-06-20 08:40:00",15940,
"2025-06-20 08:50:00",15878,
"2025-06-20 09:00:00",15854,24593
"2025-06-20 09:10:00",15770,
"2025-06-20 09:20:00",15755,
"2025-06-20 09:30:00",15807,
"2025-06-20 09:40:00",16050,
"2025-06-20 09:50:00",16161,
"2025-06-20 10:00:00",16238,24691
"2025-06-20 10:10:00",16320,
"2025-06-20 10:20:00",16630,
"2025-06-20 10:30:00",16897,
"2025-06-20 10:40:00",17257,
"2025-06-20 10:50:00",17499,
"2025-06-20 11:00:00",17995,24801
"2025-06-20 11:10:00",18559,
"2025-06-20 11:20:00",19056,
"2025-06-20 11:30:00",19654,
"2025-06-20 11:40:00",20309,
"2025-06-20 11:50:00",20953,
"2025-06-20 12:00:00",21629,24920
"2025-06-20 12:10:00",22571,
"2025-06-20 12:20:00",23381,
"2025-06-20 12:30:00",24257,
"2025-06-20 12:40:00",25099,
"2025-06-20 12:50:00",25810,
"2025-06-20 13:00:00",26672,25109
"2025-06-20 13:10:00",27719,
"2025-06-20 13:20:00",28628,
"2025-06-20 13:30:00",29673,
"2025-06-20 13:40:00",30660,
"2025-06-20 13:50:00",31374,
"2025-06-20 14:00:00",31881,25342
"2025-06-20 14:10:00",32348,
"2025-06-20 14:20:00",32760,
"2025-06-20 14:30:00",32920,
"2025-06-20 14:40:00",33303,
"2025-06-20 14:50:00",33436,
"2025-06-20 15:00:00",33382,25586
"2025-06-20 15:10:00",33223,
"2025-06-20 15:20:00",33137,
"2025-06-20 15:30:00",33072,
"2025-06-20 15:40:00",32881,
"2025-06-20 15:50:00",32679,
"2025-06-20 16:00:00",32268,25867
"2025-06-20 16:10:00",31887,
"2025-06-20 16:20:00",31479,
"2025-06-20 16:30:00",30926,
"2025-06-20 16:40:00",30616,
"2025-06-20 16:50:00",30226,
"2025-06-20 17:00:00",30101,26065
"2025-06-20 17:10:00",29657,
"2025-06-20 17:20:00",29288,
"2025-06-20 17:30:00",29093,
"2025-06-20 17:40:00",28791,
"2025-06-20 17:50:00",28657,
"2025-06-20 18:00:00",28585,26005
"2025-06-20 18:10:00",28095,
"2025-06-20 18:20:00",27814,
"2025-06-20 18:30:00",27783,
"2025-06-20 18:40:00",27824,
"2025-06-20 18:50:00",28016,
"2025-06-20 19:00:00",28019,25903
"2025-06-20 19:10:00",28168,
"2025-06-20 19:20:00",28285,
"2025-06-20 19:30:00",28562,
"2025-06-20 19:40:00",28664,
"2025-06-20 19:50:00",28694,
"2025-06-20 20:00:00",28481,25802
"2025-06-20 20:10:00",28530,
"2025-06-20 20:20:00",28692,
"2025-06-20 20:30:00",28773,
"2025-06-20 20:40:00",28690,
"2025-06-20 20:50:00",28574,
"2025-06-20 21:00:00",28442,25734
"2025-06-20 21:10:00",28389,
"2025-06-20 21:20:00",28307,
"2025-06-20 21:30:00",28155,
"2025-06-20 21:40:00",27957,
"2025-06-20 21:50:00",27683,
"2025-06-20 22:00:00",27401,25714
"2025-06-20 22:10:00",27070,
"2025-06-20 22:20:00",26788,
"2025-06-20 22:30:00",26669,
"2025-06-20 22:40:00",26335,
"2025-06-20 22:50:00",26027,
"2025-06-20 23:00:00",25586,25707
"2025-06-20 23:10:00",25440,
"2025-06-20 23:20:00",25386,
"2025-06-20 23:30:00",25182,
"2025-06-20 23:40:00",25085,
"2025-06-20 23:50:00",25026,
"2025-06-21 00:00:00",25019,25702
"2025-06-21 00:10:00",24976,
"2025-06-21 00:20:00",24988,
"2025-06-21 00:30:00",25116,
"2025-06-21 00:40:00",25167,
"2025-06-21 00:50:00",25362,
"2025-06-21 01:00:00",25472,25733
"2025-06-21 01:10:00",25630,
"2025-06-21 01:20:00",25778,
"2025-06-21 01:30:00",25983,
"2025-06-21 01:40:00",26241,
"2025-06-21 01:50:00",26577,
"2025-06-21 02:00:00",26934,25819
"2025-06-21 02:10:00",27262,
"2025-06-21 02:20:00",27621,
"2025-06-21 02:30:00",27887,
"2025-06-21 02:40:00",28095,
"2025-06-21 02:50:00",28223,
"2025-06-21 03:00:00",28234,25920
"2025-06-21 03:10:00",28294,
"2025-06-21 03:20:00",28271,
"2025-06-21 03:30:00",28228,
"2025-06-21 03:40:00",28315,
"2025-06-21 03:50:00",28338,
"2025-06-21 04:00:00",28110,26047
"2025-06-21 04:10:00",28053,
"2025-06-21 04:20:00",27962,
"2025-06-21 04:30:00",27961,
"2025-06-21 04:40:00",27729,
"2025-06-21 04:50:00",27537,
"2025-06-21 05:00:00",27362,26226
"2025-06-21 05:10:00",26988,
"2025-06-21 05:20:00",26684,
"2025-06-21 05:30:00",26268,
"2025-06-21 05:40:00",25959,
"2025-06-21 05:50:00",25767,
"2025-06-21 06:00:00",25347,26424
"2025-06-21 06:10:00",25021,
"2025-06-21 06:20:00",24659,
"2025-06-21 06:30:00",24345,
"2025-06-21 06:40:00",24133,
"2025-06-21 06:50:00",23933,
"2025-06-21 07:00:00",23492,26643
"2025-06-21 07:10:00",23176,
"2025-06-21 07:20:00",22852,
"2025-06-21 07:30:00",22713,
"2025-06-21 07:40:00",22411,
"2025-06-21 07:50:00",22099,
"2025-06-21 08:00:00",21771,26850
"2025-06-21 08:10:00",21444,
"2025-06-21 08:20:00",21251,
"2025-06-21 08:30:00",20984,
"2025-06-21 08:40:00",20877,
"2025-06-21 08:50:00",20735,
"2025-06-21 09:00:00",20552,27027
"2025-06-21 09:10:00",20324,
"2025-06-21 09:20:00",20271,
"2025-06-21 09:30:00",20213,
"2025-06-21 09:40:00",20069,
"2025-06-21 09:50:00",19998,
"2025-06-21 10:00:00",19912,27134
"2025-06-21 10:10:00",19666,
"2025-06-21 10:20:00",19611,
"2025-06-21 10:30:00",19645,
"2025-06-21 10:40:00",19776,
"2025-06-21 10:50:00",20125,
"2025-06-21 11:00:00",20234,27210
"2025-06-21 11:10:00",20721,
"2025-06-21 11:20:00",21090,
"2025-06-21 11:30:00",21537,
"2025-06-21 11:40:00",22255,
"2025-06-21 11:50:00",22818,
"2025-06-21 12:00:00",23359,27282
"2025-06-21 12:10:00",24150,
"2025-06-21 12:20:00",24988,
"2025-06-21 12:30:00",25773,
"2025-06-21 12:40:00",26723,
"2025-06-21 12:50:00",27581,
"2025-06-21 13:00:00",28282,27332
"2025-06-21 13:10:00",29167,
"2025-06-21 13:20:00",29926,
"2025-06-21 13:30:00",30811,
"2025-06-21 13:40:00",31688,
"2025-06-21 13:50:00",32634,
"2025-06-21 14:00:00",33319,27417
"2025-06-21 14:10:00",33872,
"2025-06-21 14:20:00",34532,
"2025-06-21 14:30:00",34974,
"2025-06-21 14:40:00",35311,
"2025-06-21 14:50:00",35594,
"2025-06-21 15:00:00",35666,27505
"2025-06-21 15:10:00",35617,
"2025-06-21 15:20:00",35605,
"2025-06-21 15:30:00",35537,
"2025-06-21 15:40:00",35280,
"2025-06-21 15:50:00",34862,
"2025-06-21 16:00:00",34508,27584
"2025-06-21 16:10:00",34081,
"2025-06-21 16:20:00",33672,
"2025-06-21 16:30:00",33353,
"2025-06-21 16:40:00",32963,
"2025-06-21 16:50:00",32802,
"2025-06-21 17:00:00",32548,27673
"2025-06-21 17:10:00",32088,
"2025-06-21 17:20:00",31815,
"2025-06-21 17:30:00",31539,
"2025-06-21 17:40:00",31224,
"2025-06-21 17:50:00",30998,
"2025-06-21 18:00:00",30846,27758
"2025-06-21 18:10:00",30544,
"2025-06-21 18:20:00",30331,
"2025-06-21 18:30:00",30192,
"2025-06-21 18:40:00",30114,
"2025-06-21 18:50:00",30143,
"2025-06-21 19:00:00",29985,27806
"2025-06-21 19:10:00",29929,
"2025-06-21 19:20:00",29971,
"2025-06-21 19:30:00",29965,
"2025-06-21 19:40:00",29947,
"2025-06-21 19:50:00",29936,
"2025-06-21 20:00:00",29852,27847
"2025-06-21 20:10:00",29733,
"2025-06-21 20:20:00",29793,
"2025-06-21 20:30:00",29693,
"2025-06-21 20:40:00",29737,
"2025-06-21 20:50:00",29561,
"2025-06-21 21:00:00",29321,27880
"2025-06-21 21:10:00",29169,
"2025-06-21 21:20:00",29038,
"2025-06-21 21:30:00",28720,
"2025-06-21 21:40:00",28418,
"2025-06-21 21:50:00",28136,
"2025-06-21 22:00:00",27903,27899
"2025-06-21 22:10:00",27474,
"2025-06-21 22:20:00",27073,
"2025-06-21 22:30:00",26866,
"2025-06-21 22:40:00",26593,
"2025-06-21 22:50:00",26341,
"2025-06-21 23:00:00",26215,27924
"2025-06-21 23:10:00",25847,
"2025-06-21 23:20:00",25784,
"2025-06-21 23:30:00",25510,
"2025-06-21 23:40:00",25363,
"2025-06-21 23:50:00",25224,
"2025-06-22 00:00:00",25048,27918
"2025-06-22 00:10:00",24772,
"2025-06-22 00:20:00",24800,
"2025-06-22 00:30:00",24813,
"2025-06-22 00:40:00",25032,
"2025-06-22 00:50:00",25138,
"2025-06-22 01:00:00",25158,27912
"2025-06-22 01:10:00",25350,
"2025-06-22 01:20:00",25577,
"2025-06-22 01:30:00",25829,
"2025-06-22 01:40:00",26000,
"2025-06-22 01:50:00",26359,
"2025-06-22 02:00:00",26597,27909
"2025-06-22 02:10:00",26821,
"2025-06-22 02:20:00",27051,
"2025-06-22 02:30:00",27443,
"2025-06-22 02:40:00",27844,
"2025-06-22 02:50:00",28097,
"2025-06-22 03:00:00",28193,27922
"2025-06-22 03:10:00",28339,
"2025-06-22 03:20:00",28539,
"2025-06-22 03:30:00",28599,
"2025-06-22 03:40:00",28645,
"2025-06-22 03:50:00",28631,
"2025-06-22 04:00:00",28559,27939
"2025-06-22 04:10:00",28271,
"2025-06-22 04:20:00",28193,
"2025-06-22 04:30:00",28149,
"2025-06-22 04:40:00",28006,
"2025-06-22 04:50:00",27914,
"2025-06-22 05:00:00",27740,27954
"2025-06-22 05:10:00",27596,
"2025-06-22 05:20:00",27420,
"2025-06-22 05:30:00",27294,
"2025-06-22 05:40:00",27136,
"2025-06-22 05:50:00",26922,
"2025-06-22 06:00:00",26777,28013
"2025-06-22 06:10:00",26578,
"2025-06-22 06:20:00",26281,
"2025-06-22 06:30:00",26056,
"2025-06-22 06:40:00",25983,
"2025-06-22 06:50:00",25883,
"2025-06-22 07:00:00",25683,28105
"2025-06-22 07:10:00",25193,
"2025-06-22 07:20:00",24874,
"2025-06-22 07:30:00",24632,
"2025-06-22 07:40:00",24329,
"2025-06-22 07:50:00",24204,
"2025-06-22 08:00:00",23918,28197
"2025-06-22 08:10:00",23701,
"2025-06-22 08:20:00",23370,
"2025-06-22 08:30:00",23132,
"2025-06-22 08:40:00",22886,
"2025-06-22 08:50:00",22770,
"2025-06-22 09:00:00",22531,28285
"2025-06-22 09:10:00",22298,
"2025-06-22 09:20:00",22111,
"2025-06-22 09:30:00",21951,
"2025-06-22 09:40:00",21803,
"2025-06-22 09:50:00",21743,
"2025-06-22 10:00:00",21677,28371
"2025-06-22 10:10:00",21577,
"2025-06-22 10:20:00",21510,
"2025-06-22 10:30:00",21636,
"2025-06-22 10:40:00",21786,
"2025-06-22 10:50:00",22013,
"2025-06-22 11:00:00",22263,28451
"2025-06-22 11:10:00",22622,
"2025-06-22 11:20:00",23077,
"2025-06-22 11:30:00",23520,
"2025-06-22 11:40:00",24016,
"2025-06-22 11:50:00",24543,
"2025-06-22 12:00:00",25086,28500
"2025-06-22 12:10:00",25790,
"2025-06-22 12:20:00",26509,
"2025-06-22 12:30:00",27123,
"2025-06-22 12:40:00",27915,
"2025-06-22 12:50:00",28640,
"2025-06-22 13:00:00",29370,28489
"2025-06-22 13:10:00",30075,
"2025-06-22 13:20:00",30838,
"2025-06-22 13:30:00",31346,
"2025-06-22 13:40:00",31930,
"2025-06-22 13:50:00",32366,
"2025-06-22 14:00:00",32704,28383
"2025-06-22 14:10:00",32970,
"2025-06-22 14:20:00",33153,
"2025-06-22 14:30:00",33182,
"2025-06-22 14:40:00",33082,28383